date,close,diff,start,high,low,volume,sumPos,sumNeg,MA_3,MA_7,MA_15,MA_30,EWM_3,EWM_7,EWM_15,EWM_30,PPO_3,PPO_7,PPO_15,PPO_30,RSI,CCI,macd
2020-08-25,77000,1500,76300,77700,75400,3473488,42.67078054144999,36.82984273899999,75666.66666666667,76014.28571428571,78700.0,80840.0,75997.71321308253,76424.77114376683,78097.49419230968,79700.52938167418,101.76211453744493,101.29674873144145,97.83989834815756,95.24987629886195,0.6321839080459769,82.94037852851885,-442.4785666407788
2020-08-26,78800,1800,78000,79100,77100,4741965,32.99398863723332,32.30637479229999,77100.0,75814.28571428571,78513.33333333333,80676.66666666667,77398.85660654253,77018.58432955801,78185.73005502012,79638.09697823327,102.20492866407263,103.93819483700773,100.36511845121849,97.67384208569186,0.551912568306011,34.2000919127469,-161.18208204355756
2020-08-27,79100,300,80200,80200,78800,4223450,29.611940499566675,41.63732445840001,78300.0,75957.14285714286,78406.66666666667,80546.66666666667,78249.42830327165,77538.94217193573,78300.4947910095,79600.97016085476,101.02171136653895,104.1376716193342,100.88427854774254,98.2039397450753,0.554945054945055,2.8176035198368874,55.28320987678262
2020-08-28,77800,-1300,79500,79600,77700,2511956,19.485275404700005,21.8944490738,78566.66666666667,76357.14285714286,78186.66666666667,80380.0,78024.71415163578,77604.20699814377,78237.70266893803,79477.26374504677,99.02418328383537,101.88961646398505,99.50545702592086,96.79024632993281,0.5736842105263158,22.434754417247536,121.30837419722093
2020-08-31,75100,-2700,78200,78800,75100,5113128,25.5226316587,32.1240605529,77333.33333333333,76828.57142857143,77820.0,80116.66666666667,76562.35707581772,76978.15259249572,77844.22724081093,79177.84427355301,97.11206896551725,97.75009297136481,96.5047545618093,93.73829831495735,0.6507177033492823,63.96895440177798,2.814816535624459
2020-09-01,75200,100,75200,76500,75200,2538676,20.149504902833343,22.456443041366665,76033.33333333333,76928.57142857143,77406.66666666667,79856.66666666667,75881.17853790883,76533.61302986184,77512.76819035283,78906.80003583054,98.903989478299,97.75301764159701,97.14925501679441,94.168718954794,0.645933014354067,71.96065225820922,-52.36571828207866
2020-09-02,75500,300,75900,76400,74900,2369360,63.558221050299984,51.0542689545,75266.66666666667,76928.57142857143,77020.0,79616.66666666667,75690.58926895441,76275.20915572206,77260.55253371646,78675.5037159345,100.31000885739591,98.1429897864438,98.02648662685017,94.82939083106552,0.631578947368421,63.996150607482235,-52.467579651284495
2020-09-03,78700,3200,77700,79700,77200,7002529,26.044619153499987,24.5365052126,76466.66666666667,77171.42857142857,76866.66666666667,79500.0,77195.29463447722,76881.40795180017,77440.8710911845,78677.16123449814,102.92066259808195,101.98074787115883,102.38508239375541,98.9937106918239,0.542016806722689,-9.856175972927117,162.19405917371228
2020-09-04,78700,0,76400,79400,76100,4582566,32.89951219272,35.80615949149998,77633.33333333333,77157.14285714286,76733.33333333333,79320.0,77947.64731723862,77336.05657416683,77598.55880834551,78678.7017491235,101.37398024903392,101.99962969820405,102.56298870547351,99.21835602622289,0.5321888412017167,-2.110052421615234,301.0206971270595
2020-09-07,78400,-300,78600,79500,77600,2786930,21.263158242033334,25.05078279283333,78600.0,77057.14285714286,76613.33333333333,79160.0,78173.82365861931,77602.04269841836,77698.90410920615,78659.95785424813,99.74554707379136,101.74267704857249,102.33205708318832,99.03991915108641,0.49302325581395345,-17.32630034582737,365.6549104028436
2020-09-08,79400,1000,78700,80000,78200,3380355,30.90596561675,38.36328035846666,78833.33333333333,77285.71428571429,76700.0,79060.0,78786.91182930965,78051.53236322141,77911.84775707798,78709.5929707821,100.7188160676533,102.73567467652495,103.52020860495436,100.43005312420945,0.38659793814432986,-42.101600556715546,460.7352528243871
2020-09-09,77300,-2100,77900,78400,77200,3918435,25.39774613978,28.05945018374,78366.66666666667,77600.0,76853.33333333333,78846.66666666667,78043.45591465483,77863.64916601374,77835.27029270484,78615.29153337106,98.6388770735857,99.61340206185567,100.58119361554476,98.03838674220005,0.34972677595628415,-1.0700909577314077,375.02668525891204
2020-09-10,76600,-700,78000,78200,76600,3541520,34.863926579442854,34.10274574428571,77766.66666666667,77800.0,77173.33333333333,78640.0,77321.72795732741,77547.73674032927,77680.69106992429,78480.78960844895,98.49978568366909,98.45758354755783,99.25708362128543,97.4059003051882,0.4355828220858896,8.812652451019426,267.1945825919381
2020-09-11,78400,1800,76700,78500,76300,2831262,32.97602153696668,25.55605638070001,77433.33333333333,78214.28571428571,77433.33333333333,78483.33333333333,77860.8639786637,77760.80262312035,77770.69151490675,78475.40962318586,101.24838570813604,100.23744292237444,101.24838570813604,99.89382034402209,0.4152046783625731,-15.867153624139807,307.32465460499225
2020-09-14,80000,1600,79100,80100,78900,4099644,49.25818014489999,41.71557928294167,78333.33333333333,78400.0,77733.33333333333,78376.66666666667,78930.43198933186,78320.60210108585,78049.59051202708,78576.72559578458,102.1276595744681,102.04081632653062,102.91595197255576,102.07119465827415,0.4127906976744186,-89.77404226810427,424.9419914292296
2020-09-15,81900,1900,81300,82100,80200,5899410,32.98948816796364,31.667942790618188,80100.0,78857.14285714286,78060.0,78380.0,80415.21599466592,79215.45173616045,78531.24747079141,78797.14504568839,102.24719101123596,103.85869565217392,104.91929285165259,104.4909415667262,0.41040462427745666,-184.79518849488667,602.9585163254561
2020-09-16,81500,-400,81700,82400,80500,3119110,34.3889516648,35.405801209566675,81133.33333333333,79300.0,78240.0,78376.66666666667,80957.60799733296,79786.5888788759,78902.58153498921,78976.09069821762,100.45193097781431,102.77427490542243,104.16666666666667,103.98502955811676,0.4310344827586207,-258.69644306383503,663.4359853052875
2020-09-17,82200,700,81900,82900,81200,4055050,22.7053418314,19.278387789000003,81866.66666666667,79700.0,78446.66666666667,78426.66666666667,81578.80399866648,80389.94171997072,79314.99207113334,79189.1732427113,100.4071661237785,103.13676286072773,104.78456700943315,104.81128867732063,0.369047619047619,-735.0309704060579,714.869368535642
2020-09-18,83700,1500,82900,83900,82200,5199334,35.64407861354999,27.857640471600018,82466.66666666667,80614.28571428571,78840.0,78513.33333333333,82639.40199933323,81217.45635253385,79863.38942758046,79486.84407842478,101.49555375909458,103.82775119617224,106.16438356164383,106.60609662902267,0.22435897435897437,1844.1095446443007,806.8121270569852
2020-09-21,84500,800,83700,85000,83600,4102947,20.56237743305,31.054443990775,83466.66666666667,81742.85714285714,79466.66666666667,78643.33333333333,83569.70099966662,82038.09231092726,80443.21680234984,79817.1768004236,101.23801916932906,103.37294652219504,106.33389261744965,107.44712414699276,0.2147239263803681,529.9292172988013,873.3660470918132
2020-09-22,81300,-3200,84400,84800,80200,4139983,29.39798638331111,35.88309371761111,83166.66666666667,82157.14285714286,79873.33333333333,78640.0,82434.85049983331,81853.56922534913,80550.35529220542,79914.75035511439,97.75551102204409,98.95670318205529,101.7861614222519,103.382502543235,0.3489583333333333,194.0792263974891,665.8267929970518
2020-09-23,83600,2300,82300,84800,80500,4439085,34.77756601828332,32.29160300308333,83133.33333333333,82671.42857142857,80413.33333333333,78716.66666666667,83017.42524991665,82290.17693293595,80931.68729213544,80156.93764049216,100.56134723336008,101.12320718852601,103.96285856408556,106.20368409908956,0.366120218579235,190.38540106223613,643.5103893749213
2020-09-24,84300,700,82800,85400,82300,6401560,31.760460872299998,36.42178945732,83066.66666666667,83014.28571428571,80786.66666666667,78826.66666666667,83658.71262495832,82792.63271172003,81352.84854360516,80428.88461915322,101.48475120385231,101.54878678368611,104.34890245915167,106.9435047361299,0.3526315789473684,198.35728162809895,635.8356381032559
2020-09-25,82900,-1400,85800,85900,82200,3205596,35.479249143849984,39.49749799195,83600.0,83214.28571428571,81066.66666666667,78900.0,83279.35631247915,82819.47453427153,81546.29157236226,80590.90451757355,99.16267942583733,99.62231759656652,102.26151315789474,105.06970849176172,0.38805970149253727,147.43941130546042,503.35585500424145
2020-09-28,82500,-400,83400,83700,81300,3154068,26.759390213225,24.782735982199995,83233.33333333333,83257.14285714286,81340.0,78976.66666666667,82889.67815623958,82739.60589962908,81665.5316065152,80715.94409219414,99.11894273127754,99.09059711736445,101.42611261372019,104.46123327565103,0.4205128205128205,77.55588500334322,361.7610259478348
2020-09-29,84000,1500,83100,84900,82200,4707898,38.25907053209998,40.13947513973999,83133.33333333333,83300.0,81646.66666666667,79173.33333333333,83444.83907811978,83054.70442790136,81957.39687068359,80930.82840123787,101.04250200481155,100.84033613445378,102.88233853188535,106.09632873021219,0.32275132275132273,91.13885850088644,341.47703837969743
2020-10-05,83200,-800,83000,84100,82300,3396894,21.844491141299997,22.6465961556,83233.33333333333,83114.28571428571,82040.0,79446.66666666667,83322.41953905989,83091.02832120092,82112.74867618739,81079.17024292448,99.9599519423308,100.10312822275698,101.41394441735738,104.72434337501049,0.3263157894736842,58.25308789002686,251.69115782636243
2020-10-06,83000,-200,84000,84200,82600,2750145,23.8242131932,24.435428157400008,83400.0,83357.14285714286,82466.66666666667,79820.0,83161.20976952995,83068.27124077153,82223.67159427964,81204.63257728737,99.52038369304557,99.57155098543274,100.64672594987873,103.98396391881735,0.367816091954023,51.948051948052296,160.52736554476382
2020-10-07,83400,400,82900,83700,82500,2254356,26.45756198865,30.191359471949998,83200.0,83328.57142857143,82800.0,80116.66666666667,83280.60488476497,83151.2034309317,82370.73178908302,81347.91210557835,100.24038461538463,100.08571918395337,100.72463768115942,104.09819013938007,0.39506172839506176,42.116929897478265,110.99525301699009
2020-10-08,82900,-500,84300,84500,82900,3330824,25.33661494754999,19.51122750615,83100.0,83128.57142857143,82993.33333333333,80363.33333333333,83090.30244238248,83088.40257299827,82436.89785217665,81449.1325764235,99.75932611311673,99.72503866643753,99.8875411679653,103.15649757352028,0.46621621621621623,40.9793221685587,32.75910124453276
2020-10-12,85500,2600,83900,85500,83500,4464264,41.656612676933335,35.22631360020001,83933.33333333333,83500.0,83233.33333333333,80646.66666666667,84295.15122119125,83691.30193119239,82819.82378610909,81713.12798007451,101.86656076250993,102.39520958083833,102.72326792150581,106.01802099694137,0.3823529411764706,67.33965534822043,137.47604094684266
2020-10-13,88200,2700,85500,89000,84600,6375448,24.868158327749995,30.305737721,85533.33333333333,84314.28571428571,83680.0,80960.0,86247.57561059562,84818.47645041862,83492.40446825897,82135.60174566998,103.11769290724864,104.60860725177908,105.40152963671127,108.94268774703558,0.34210526315789475,106.0174880016532,357.4646733945451
2020-10-14,86500,-1700,88000,88900,86100,3223767,21.65043911185,29.597883011224997,86733.33333333333,84671.42857142857,83966.66666666667,81206.66666666667,86373.78780529782,85238.8573383802,83868.38259997776,82419.67042674059,99.73097617217526,102.15960857094653,103.01707026597855,106.51834824727034,0.4270833333333333,86.0790486183981,357.71180170315597
2020-10-16,85300,-1800,87000,87900,84900,2435541,35.54984796225,31.5001930706,86666.66666666667,84971.42857142857,84073.33333333333,81456.66666666667,85836.89390264891,85254.1430038006,84047.34672437224,82607.0373831077,98.42307692307692,100.3866845998655,101.4590436920149,104.71825510496377,0.4795918367346939,51.89438206053204,251.1695626276255
2020-10-19,86700,1400,86100,87900,85800,3150011,36.042059977466685,33.49121871296666,86166.66666666667,85500.0,84220.0,81843.33333333333,86268.44695132445,85615.6072531243,84378.94775713203,82873.14455079022,100.61895551257254,101.40350877192984,102.94466872476846,105.93410173909503,0.34831460674157305,59.76571034807325,248.05664639459633
2020-10-20,85200,-1500,85300,90900,83700,6622637,19.984822035181818,25.96368420525454,85733.33333333333,85757.14285714286,84480.0,82176.66666666667,85734.22347566223,85511.70543978417,84481.58453434393,83024.3513278082,99.37791601866253,99.35032483758121,100.85227272727273,103.67906542814261,0.45294117647058824,51.704403652355175,124.89593594650637
2020-10-21,83800,-1400,85300,86200,82800,4925877,32.33664764116666,39.20848367436667,85233.33333333333,85885.71428571429,84493.33333333333,82453.33333333333,84767.11173783112,85083.77907965575,84396.38265642637,83074.73201153277,98.31834180680485,97.57152361942781,99.17942243964022,101.63324708926262,0.5141242937853108,0.6586169045008677,-60.99093111971638
2020-10-22,83300,-500,84200,84300,82500,2593975,33.97464314458571,37.62810121617143,84100.0,85571.42857142857,84426.66666666667,82606.66666666667,84033.55586891556,84637.83430959928,84259.32946021957,83089.3574471114,99.0487514863258,97.34557595993323,98.66550852811118,100.83931886046322,0.4880952380952381,-22.303870318925647,-219.04338552860327
2020-10-26,83200,-700,84300,84700,83000,1662847,25.302883842725,25.5126468546,83433.33333333333,84857.14285714286,84446.66666666667,82756.66666666667,83616.77793445779,84278.37573211327,84126.9087427054,83096.5379382833,99.72033559728327,98.04713804713805,98.52372305991946,100.53570709308413,0.47878787878787876,-18.133086264518425,-325.40666111366136
2020-10-27,82600,-600,82300,83400,81800,2265817,28.481607413333347,29.64187268160001,83033.33333333333,84300.0,84453.33333333333,82896.66666666667,83108.3889672289,83858.7817990095,83936.03943028583,83064.32587479972,99.47812123645123,97.98339264531435,97.80549415850963,99.64212473360408,0.5448717948717948,-50.144203037877304,-424.8913527185971
2020-10-28,82900,300,82100,83600,82000,1773556,23.913677242166667,29.356779710633333,82900.0,83957.14285714286,84380.0,83013.33333333333,83004.19448361444,83619.0863492248,83806.53110576446,83053.6693164998,100.0,98.74085417730136,98.2460298648969,99.86347574686798,0.5099337748344371,-48.942194146854845,-456.5729244508407
2020-10-29,81700,-1200,81900,82400,81000,2637314,19.04757162035714,25.861761554871425,82400.0,83242.85714285714,84280.0,83160.0,82352.09724180722,83139.31476187009,83543.20867622034,82965.91296557205,99.1504854368932,98.14655912133173,96.93877551020408,98.24434824434825,0.5403726708074534,-100.99176332156638,-538.5910705129121
2020-10-30,79900,-1800,81600,82100,79900,2710477,34.998576600449994,46.48598789430002,81500.0,82485.71428571429,84073.33333333333,83270.0,81126.0486209036,82329.48607134115,83087.7984494011,82767.21649464846,98.03680981595092,96.86525805334256,95.03607961303624,95.95292422240902,0.6,-178.90561654942695,-684.8624956049706
2020-11-02,79600,-300,80200,80600,79200,2000394,41.72747793995001,37.48041758549999,80400.0,81885.71428571429,83820.0,83310.0,80363.0243104518,81647.11455346705,82651.81598497897,82562.01466361922,99.00497512437812,97.20865317515701,94.96540205201623,95.54675309086545,0.5953757225433526,-305.98403835841145,-766.6264535404626
2020-11-03,81400,1800,79600,81400,79600,2057723,41.23916546879999,40.79934136799997,80300.0,81614.28571428571,83720.0,83356.66666666667,80881.51215522591,81585.33591509765,82495.33658179844,82486.74907598802,101.36986301369863,99.73744092420796,97.22885809842332,97.65265725596832,0.6242424242424243,-317.1113196585784,-668.1198619050142
2020-11-04,83200,1800,82100,84400,81200,3782296,31.6002669436,26.653842613776916,81400.0,81614.28571428571,83566.66666666667,83400.0,82040.75607761295,81989.00193633616,82583.42069367993,82532.93570238017,102.21130221130221,101.9429371608612,99.5612285600319,99.76019184652279,0.6602564102564102,-121.32921174652479,-460.2535728837193
2020-11-05,86100,2900,84100,86200,83300,4082325,38.088190042700006,34.13112416064999,83566.66666666667,82114.28571428571,83426.66666666667,83553.33333333333,84070.37803880648,83016.75145227679,83022.99827970275,82763.86608218397,103.03151176705225,104.85386221294364,103.20441105961322,103.04795340301605,0.511904761904762,234.1311868954307,-123.57479222047232
2020-11-06,86300,200,86500,87700,86000,2863808,54.9527273556,55.69306843934999,85200.0,82600.0,83413.33333333333,83690.0,85185.18901940325,83837.56358922237,83432.62771251787,82992.74288958822,101.29107981220658,104.47941888619854,103.46067774936063,103.1186521687179,0.4683544303797469,416.3751781318835,104.39528425615953
2020-11-09,86000,-300,86500,87300,85600,2444330,23.3806101194,22.73942983735,86133.33333333333,83214.28571428571,83460.0,83766.66666666667,85592.59450970162,84378.17269192408,83753.55213982126,83187.34738800835,99.8452012383901,103.34763948497854,103.04337407141146,102.66613609231993,0.5238095238095238,316.4587918806554,220.16964000564752
2020-11-10,86500,500,86900,87200,85900,2849783,27.052512610849995,29.81526833315,86266.66666666667,84157.14285714286,83446.66666666667,83833.33333333333,86046.29725485081,84908.62951894844,84096.8608287528,83401.6726260051,100.27047913446677,102.78390765574605,103.65902372773029,103.18091451292246,0.4525547445255475,307.58644417684457,310.04989311510724
2020-11-11,87000,500,86100,87200,85900,2638617,29.375872622560006,34.72237358064,86500.0,85214.28571428571,83566.66666666667,84023.33333333333,86523.1486274254,85431.47213921529,84459.75572837042,83634.43816819724,100.57803468208093,102.09555741827327,104.1084962106103,103.54266671956202,0.375,332.91268553572746,378.28435970892235
2020-11-12,88100,1100,87600,88400,87000,4006433,24.764351516857143,21.659386243271427,87200.0,86171.42857142857,83853.33333333333,84173.33333333333,87311.5743137127,86098.60410441527,84914.78900875032,83923.25324234924,101.0321100917431,102.23806366047745,105.06439815550964,104.66497703152227,0.32089552238805974,572.1069907116441,466.770527457718
2020-11-13,89700,1600,88100,90000,87500,3774278,35.64840633635001,26.14663445534999,88266.66666666667,87100.0,84280.0,84353.33333333333,88505.78715685636,86998.95307831529,85512.94354163179,84296.81087512744,101.62386706948641,102.98507462686568,106.43094447081158,106.33841776653759,0.2818791946308725,722.0569766673322,594.1338813372859
2020-11-16,98000,8300,92100,98100,91100,9274278,31.485371852800004,29.404877812212497,91933.33333333333,88800.0,85266.66666666667,84856.66666666667,93252.89357842818,89749.21480874528,87073.83281187866,85182.80524989824,106.59898477157361,110.36036036036036,114.93354182955433,115.48886357386965,0.15929203539823011,862.8948514387183,1165.0839374933919
2020-11-17,98100,100,97400,99600,96500,5218295,41.883528555800005,42.580503278833326,95266.66666666667,90485.71428571429,86300.0,85376.66666666667,95676.4467892141,91836.91110656399,88452.10928334545,86017.86345619515,102.9741077676697,108.41490369434797,113.67323290845886,114.90258852926247,0.16071428571428573,638.1286549707615,1458.5803112079452
2020-11-18,98000,-100,99800,100500,96600,3734037,24.5555993073,24.42099649221667,98033.33333333333,92200.0,87306.66666666667,85843.33333333333,96838.22339460705,93377.68332992577,89645.59984548866,86792.37155201321,99.9659979598776,106.29067245119306,112.24801466096517,114.16145691764068,0.11737089201877934,454.4693516882159,1546.7105123727638
2020-11-19,98200,200,96200,98300,96000,2766688,26.47075960013333,28.06843157746667,98100.0,93871.42857142857,88406.66666666667,86343.33333333333,97519.11169730352,94583.26249744596,90714.90317509191,87529.65400079908,100.10193679918451,104.6111702937148,111.07759595807254,113.73200015442227,0.03553299492385787,306.4716566293857,1517.1100577595353
2020-11-20,96800,-1400,99000,99000,96800,2424003,34.71067446996668,44.43158625003334,97666.66666666667,95271.42857142857,89533.33333333333,86803.33333333333,97159.55584865177,95137.44687308503,91475.54233860652,88128.7338867428,99.11262798634812,101.60443844654372,108.11615785554729,111.51645482124344,0.08653846153846154,232.40383406358552,1309.7638908965027
2020-11-23,100000,3200,97300,101000,96600,4149013,28.958552760666667,28.908192676766664,98333.33333333333,96971.42857142857,90893.33333333333,87356.66666666667,98579.77792432588,96353.0851548147,92541.102071848,88895.81151312223,101.69491525423729,103.12315851502652,110.01906997212852,114.4732323425039,0.08108108108108109,210.5568165354713,1292.2969384336698
2020-11-24,98600,-1400,101000,102000,98300,3766043,34.108326124725004,39.17930090797501,98466.66666666667,98242.85714285714,92040.0,87880.0,98589.88896216295,96914.81386611135,93298.46588356882,89522.79771708709,100.1354096140826,100.36353060927729,107.12733594089525,112.19845243513882,0.14678899082568805,172.25063851057584,1098.4034960775616
2020-11-25,97200,-1400,100500,100500,96300,4081524,30.088855002730003,33.286983611420006,98600.0,98128.57142857143,92973.33333333333,88270.0,97894.94448108147,96986.11039958354,93786.1585331231,90018.77415229222,98.58012170385395,99.05371960984131,104.54610641044026,110.11668743627507,0.22660098522167488,118.98152403713586,801.587918050714
2020-11-26,99400,2200,96800,99500,96300,2933290,34.58177140866666,33.69754901783333,98400.0,98314.28571428571,93860.0,88643.33333333333,98647.47224054074,97589.58279968785,94487.88983071606,90624.78385480895,101.01626016260164,101.10433013658822,105.902407841466,112.13477230850224,0.2062780269058296,101.23987435939831,683.6397983766533
2020-11-27,98800,-600,99600,99900,98200,1976047,24.38269007455,24.37915037359999,98466.66666666667,98428.57142857143,94693.33333333333,89053.33333333333,98723.73612027036,97892.18709976596,95026.90435075929,91152.84427402976,100.33852403520649,100.37735849056604,104.33680653337089,110.94475220841444,0.2168141592920354,87.33598350121073,503.81166353375875
2020-11-30,97500,-1300,99700,99800,97300,3877841,31.711216357066665,29.32677744828333,98566.66666666667,98328.57142857143,95460.0,89460.0,98111.86806013518,97794.14032482445,95336.0416827283,91562.79363399092,98.91782211701047,99.15734418131628,102.1370207416719,108.98725687458082,0.2649572649572649,61.816348049328504,248.82016623807112
2020-12-01,100500,3000,98600,101500,97800,4455519,19.4167038368,18.16143609146,98933.33333333333,98857.14285714286,96393.33333333333,89920.0,99305.93403006758,98470.60524361843,95981.5371590171,92139.98746841846,101.58355795148249,101.66184971098266,104.26032229061484,111.76601423487544,0.23938223938223938,65.320922868707,233.84008073703217
2020-12-02,109000,8500,103000,109500,103000,7488361,43.59180110268572,33.800275939957146,102333.33333333333,100142.85714285714,97860.0,90713.33333333333,104152.96701503379,101102.95393271408,97608.84652877375,93228.78879380296,106.51465798045604,108.84450784593437,111.38360923768649,120.15874182406114,0.18618618618618618,115.17976546616887,720.4392780918274
2020-12-03,111500,2500,110500,114500,109000,6617912,63.17439867638096,25.7853618296381,107000.0,101985.71428571429,99420.0,91636.66666666667,107826.4835075169,103702.21544953577,99345.24212682301,94408.64971985987,104.20560747663552,109.32903768034738,112.15047274190304,121.67618493325088,0.18128654970760236,131.632355165367,1111.4831955465916
2020-12-04,115000,3500,116000,119500,112500,8258814,39.20643586133334,29.95260031727777,111833.33333333333,104528.57142857143,101106.66666666667,92693.33333333333,111413.24175375846,106526.66158715199,101302.08825544373,95738.25521388499,102.83159463487333,110.01776684433511,113.74126335223526,124.0650172612198,0.21088435374149658,139.49971807883549,1483.406526266037
2020-12-07,118000,3000,118500,120000,116000,5191354,28.70108101863333,24.161396904883333,114833.33333333333,107185.71428571429,102440.0,93853.33333333333,114706.62087687923,109394.99619036411,103389.32852498312,97175.6408968249,102.75761973875181,110.0892976142876,115.18937914877002,125.72808637590566,0.19195046439628485,132.4696801035449,1788.5708976578162
2020-12-08,115000,-3000,118000,118000,114000,4536460,28.4417973138,27.42989339235,116000.0,109500.0,103566.66666666667,94933.33333333333,114853.31043843961,110796.24714277312,104840.6632512,98326.45644157051,99.13793103448276,105.02283105022832,111.03958802703573,121.1376404494382,0.2585227272727273,99.18260008154846,1649.003160404748
2020-12-09,120500,5500,116000,121000,115000,5490760,26.951698822266668,30.614857829933328,117833.33333333333,112785.71428571429,105066.66666666667,96186.66666666667,117676.6552192198,113222.1853570799,106798.0812792614,99758.0047950218,102.26308345120228,106.83977200759975,114.68908629441623,125.27723870252288,0.22469135802469137,102.20235493772734,1776.577276854443
2020-12-10,116500,-4000,117000,118500,115500,8205744,30.98156038785,34.551569620866665,117333.33333333333,115071.42857142857,106286.66666666667,97346.66666666667,117088.3276096099,114041.63901780994,108010.82162594028,100838.8378087778,99.28977272727273,101.24146492861577,109.60923289217838,119.6753869332968,0.271461716937355,77.54463193934942,1454.709700020354
2020-12-11,115500,-1000,118000,118000,115000,3944552,25.912072588225,28.24676402975,117500.0,116000.0,107533.33333333333,98533.33333333333,116294.16380480495,114406.22926335745,108946.96926486483,101785.29618129105,98.29787234042553,99.56896551724138,107.4085554866708,117.21921515561571,0.3105134474327628,63.8138619789996,1056.11366385768
2020-12-14,117000,1500,116000,119000,115500,3066761,29.58737340266,29.06441570648,116333.33333333333,116785.71428571429,108666.66666666667,99780.0,116647.08190240248,115054.6719475181,109953.59842869414,102767.45005027203,100.57306590257879,100.18348623853211,107.66871165644172,117.25796752856283,0.275609756097561,63.30092849585573,787.4306712655107
2020-12-15,117500,500,118500,118500,115000,2755902,20.409265486999995,22.448096292550005,116666.66666666667,117142.85714285714,109926.66666666667,100983.33333333333,117073.54095120124,115666.00396063858,110896.8988890807,103718.4444618642,100.71428571428571,100.30487804878048,106.88944144581237,116.35583429608846,0.2468827930174563,57.576520519368394,548.6582438753012
2020-12-16,117500,0,119000,119500,117000,2213552,24.37031653674,24.67130592614,117333.33333333333,117071.42857142857,111280.0,102126.66666666667,117286.77047560061,116124.50297047893,111722.28673005017,104608.02101489017,100.14204545454545,100.366076876144,105.58950395398993,115.05320190612964,0.2612137203166227,58.232873396272126,307.99582011038547
2020-12-18,118500,-1000,118500,119000,117500,3010798,26.43782894300001,30.794496110466667,117833.33333333333,117571.42857142857,112553.33333333333,103206.66666666667,117893.3852378003,116718.37722785921,112569.50107031177,105504.69633417054,100.56577086280056,100.78979343863914,105.28342119291597,114.81816420127898,0.24281984334203657,54.44304010169714,141.87209883097148
2020-12-21,116000,-2500,118000,118000,114500,3585805,32.25968855935001,36.669543181025,117333.33333333333,116928.57142857143,113700.0,104196.66666666667,116946.69261890015,116538.7829208944,112998.3135169127,106182.10854474771,98.86363636363636,99.20586438607208,102.02286719437114,111.32793755398444,0.26582278481012656,36.948984645864314,-192.48067096561408
2020-12-22,112500,-3500,115000,115500,112500,4270842,29.700864516699998,45.762099349940016,115666.66666666667,116357.14285714286,114700.0,105080.0,114723.34630945008,115529.08719067079,112936.02431708087,106589.88104144567,97.26224783861672,96.68508287292818,98.0819529206626,107.06128663875143,0.35000000000000003,17.478287004569935,-678.121575148175
2020-12-23,116000,3500,113000,116000,112500,3173156,77.63931685622,56.41718916516,114833.33333333333,116428.57142857143,115733.33333333333,106063.33333333333,115361.67315472504,115646.8153930031,113319.02133241827,107197.21761078534,101.01596516690856,99.63190184049078,100.23041474654377,109.36861623558252,0.4,21.723484999375877,-784.9083143664047
2020-12-24,118000,2000,116000,118500,115500,3486636,31.277504642720004,28.7386490968,115500.0,116571.42857142857,116333.33333333333,107096.66666666667,116680.83657736253,116235.11154475233,113904.14373935206,107894.42058871263,102.16450216450217,101.22549019607843,101.43266475644698,110.18083351489307,0.4057971014492754,31.977653390278384,-742.5652938305439
2020-12-28,115500,-2500,119000,119500,115000,4825132,35.62968002058334,41.19221408626667,116500.0,116285.71428571429,116600.0,108010.0,116090.41828868126,116051.33365856425,114103.62579385455,108385.26730461942,99.14163090128756,99.32432432432432,99.05660377358491,106.93454309786131,0.4925373134328358,22.216347795437798,-894.430470986942
2020-12-29,116000,500,118000,118500,114000,4208916,44.7306110703,40.82981471793334,116500.0,116071.42857142857,116666.66666666667,108886.66666666667,116045.20914434062,116038.50024392319,114340.67259241609,108876.69414467723,99.57081545064378,99.93846153846154,99.42857142857142,106.53278638339559,0.532258064516129,13.58558864285515,-966.5858531803442
2020-12-30,118500,2500,116000,118500,114500,4195192,23.03043581224,21.37781403178,116666.66666666667,116071.42857142857,116700.0,109570.0,117272.60457217031,116653.87518294239,114860.58856210779,109497.7343680972,101.57142857142856,102.0923076923077,101.54241645244215,108.15004106963583,0.4426229508196722,14.193834553116053,-855.1694898729993
2021-01-04,126000,7500,124500,128000,120500,7995016,33.07875994521112,27.345414220377776,120166.66666666667,117500.0,117433.33333333333,110500.0,121636.30228608515,118990.40638720679,116253.01509435351,110562.68827276482,104.85436893203884,107.23404255319149,107.29491910303719,114.02714932126696,0.4153846153846154,57.95912086784806,-313.51922947980347
2021-01-05,130500,4500,124500,132500,124000,7180224,20.714348036425,20.123031510450005,125000.0,120071.42857142857,118100.0,111583.33333333333,126068.15114304257,121867.8047904051,118033.88832227733,111849.29601886253,104.4,108.68530636525877,110.4995766299746,116.9529499626587,0.28787878787878785,79.34122738474484,278.6756575255222
2021-01-06,131000,500,132500,137000,130000,8525749,32.76843668826,33.31485096805,129166.66666666667,122214.28571428571,119066.66666666667,112676.66666666667,128534.07557152129,124150.85359280383,119654.65237334643,113085.12144664726,101.41935483870968,107.18877849210988,110.02239641657334,116.26187024820283,0.2615384615384615,98.03667148199722,615.61833694097
2021-01-07,134500,3500,132500,137500,131500,5981299,30.512174295027272,25.791536990918186,132000.0,124571.42857142857,120333.33333333333,113933.33333333333,131517.03778576065,126738.14019460288,121510.32091819793,114467.03629618927,101.8939393939394,107.97018348623854,111.77285318559558,118.05149210064366,0.24637681159420288,105.90289987575315,964.9499802230657
2021-01-08,138000,3500,136000,138000,132500,8713010,26.018482268916667,26.78314419255,134500.0,127785.71428571429,121733.33333333333,115200.0,134758.51889288033,129553.60514595215,123571.53089237299,115985.61047295592,102.60223048327137,107.99329234209054,113.36254107338446,119.79166666666667,0.22666666666666666,113.07007902395135,1301.5358400317937
2021-01-11,133000,-5000,138000,140000,131000,11154671,29.64328570873,35.84463987404,135166.66666666666,130214.28571428571,122766.66666666667,116346.66666666667,133879.25944644015,130415.20385946412,124750.08957532862,117083.52840875513,98.39704069050555,102.13933077345037,108.3355959815368,114.31354572541828,0.3176470588235294,96.45277482125562,1067.099297096861
2021-01-12,129000,-4000,132000,133500,125500,8700877,23.78491274345,28.137264827275004,133333.33333333334,131714.2857142857,123533.33333333333,117406.66666666667,131439.62972322007,130061.4028945981,125281.32839596462,117852.47414440927,96.74999999999999,97.93926247288503,104.42525634106855,109.87451024927601,0.38461538461538464,57.00330884911519,548.4282983371877
2021-01-13,133000,4000,129000,133500,128500,6791044,29.0104690481875,28.557754667212507,131666.66666666666,132714.2857142857,124500.0,118526.66666666667,132219.81486161004,130796.05217094858,126246.16237436232,118829.90168171954,101.0126582278481,100.21528525296017,106.82730923694778,112.21103549130997,0.3191489361702128,70.74348683762999,388.06350230754197
2021-01-14,130500,-2500,132500,133000,129000,5380278,27.032235028,34.4327714177,130833.33333333333,132714.2857142857,125466.66666666667,119583.33333333333,131359.90743080503,130722.03912821143,126777.89209101775,119582.9321902064,99.7452229299363,98.33153928955866,104.01168969181722,109.12891986062718,0.30434782608695654,59.84000741380619,45.00222288135683
2021-01-15,127500,-3000,133000,135000,127000,4838114,27.388995477225,29.021059010299997,130333.33333333333,132214.2857142857,126466.66666666667,120583.33333333333,129429.95371540252,129916.52934615857,126868.15558163844,120093.78751064315,97.82608695652173,96.43435980551054,100.8170795993674,105.73600552868004,0.37362637362637363,48.369576356295234,-426.59642004351826
2021-01-18,130000,2500,126000,131000,125000,5927419,33.470158613550005,32.0862540346,129333.33333333333,131571.42857142858,127400.0,121566.66666666667,129714.97685770126,129937.39700961893,127259.63614151558,120732.98783293436,100.51546391752578,98.80564603691639,102.04081632653062,106.93720866465588,0.3695652173913043,35.293242194559326,-602.0804444787536
2021-01-19,130500,500,131000,132000,128500,4513315,39.0217379542,38.32767122747501,129333.33333333333,130500.0,128233.33333333333,122283.33333333333,130107.48842885063,130078.0477572142,127664.68163069023,121363.20051149075,100.9020618556701,100.0,101.76761112555239,106.71936758893281,0.32954545454545453,45.626542363586516,-709.025172567538
2021-01-20,130500,0,134000,135000,130000,4913282,21.1775615446,24.016262934150003,130333.33333333333,130142.85714285714,129233.33333333333,122916.66666666667,130303.74421442531,130183.53581791066,128019.09643210928,121952.74395939903,100.12787723785166,100.27442371020857,100.98013928295073,106.16949152542372,0.3333333333333333,54.0352686629075,-797.696397718285
2021-01-21,131500,1000,131500,133000,130000,3067677,28.53082308532857,32.95583247091429,130833.33333333333,130500.0,130266.66666666667,123466.66666666667,130901.87210721266,130512.651863433,128454.20938374105,122568.76684373047,100.50955414012739,100.76628352490422,100.9467758444217,106.50647948164146,0.34523809523809523,44.55703073756588,-804.6317396123377
2021-01-22,128500,-3000,131500,132000,128500,3927767,28.6972980301,33.9032678646,130166.66666666667,129857.14285714286,130933.33333333333,123816.66666666667,129700.93605360633,130009.48889757475,128459.93321083841,122951.46824133614,98.71959026888604,98.95489548954896,98.14154786150712,103.78247408803338,0.4666666666666667,20.73519117619246,-1013.4034118678892
2021-01-25,135000,6500,130000,135000,129500,5061864,25.80782538565001,29.433962688700007,131666.66666666666,130500.0,131533.33333333334,124483.33333333333,132350.46802680317,131257.11667318107,129277.44156760449,123728.87115188378,102.53164556962027,103.44827586206897,102.63558033451596,108.4482527781497,0.4430379746835443,43.760068937094815,-729.1744862388787
2021-01-26,129000,-6000,134000,134000,128500,6270106,24.24608876646,31.51215424837999,130833.33333333333,130714.28571428571,131433.33333333334,124766.66666666667,130675.23401340158,130692.8375048858,129242.76137135249,124068.9760183308,98.59872611464968,98.68852459016394,98.14861780370275,103.39300026716538,0.5222222222222221,14.187660569807038,-946.883605745873
2021-01-27,128500,-500,129500,132000,127500,5068456,22.7475051653,30.612799708225005,130833.33333333333,130500.0,131266.66666666666,125166.66666666667,129587.61700670079,130144.62812866435,129149.91619922729,124354.87372705205,98.21656050955414,98.46743295019157,97.8923311325546,102.6631158455393,0.5714285714285714,-2.4383145740421295,-1114.6371070878658
2021-01-28,123000,-5500,124000,125500,121500,6270829,31.536650040633347,44.82693738546667,126833.33333333333,129428.57142857143,130500.0,125416.66666666667,126293.80850335039,128358.47109649827,128381.17666920806,124267.45531239815,96.97766097240473,95.03311258278146,94.25287356321839,98.07308970099668,0.6704545454545454,-66.51002466902055,-1558.8276047846211
2021-01-29,122500,-500,128500,128500,121500,7391307,28.705474865159992,27.11806682251,124666.66666666667,128285.71428571429,129466.66666666667,125600.0,124396.9042516752,126893.8533223737,127646.02958127632,124153.41714302094,98.26203208556149,95.48997772828508,94.61894953656025,97.53184713375796,0.6329113924050633,-65.70695234906815,-1830.362760923811
2021-02-01,125000,2500,121000,126000,118000,5620305,40.38764880441666,28.044297395975,123500.0,127357.14285714286,128933.33333333333,125850.0,124698.45212583759,126420.38999178028,127315.27588193156,124208.03933244226,101.21457489878543,98.1491867638811,96.9493278179938,99.32459276916966,0.5526315789473685,-88.35772108582954,-1783.8248055149575
2021-02-02,130000,5000,128500,132500,127000,4880067,35.01291072643334,32.44162624719999,125833.33333333333,127571.42857142857,129000.0,126266.66666666667,127349.2260629188,127315.29249383521,127650.86639818625,124581.73943456395,103.31125827814569,101.9036954087346,100.7751937984496,102.95670538542767,0.5384615384615384,-5.738716249175129,-1376.7566543943194
2021-02-03,130000,0,131000,131500,128500,3693688,36.94713982675,46.2731839285375,128333.33333333333,126857.14285714286,128800.0,126650.0,128674.61303145939,127986.4693703764,127944.50809955844,124931.32670321646,101.2987012987013,102.47747747747749,100.93167701863355,102.6450848795894,0.5068493150684932,-1.8849506883436788,-1081.000252720416
2021-02-04,125000,-5000,127500,128500,124000,4600618,30.634116830042853,27.659135670557134,128333.33333333333,126285.71428571429,128433.33333333333,126950.0,126837.3065157297,127239.85202778231,127576.44458585732,124935.75750017988,97.40259740259741,98.98190045248867,97.32675837010122,98.46396218983851,0.5324675324675324,-80.69164265129689,-1187.1365252883475
2021-02-05,127500,2500,126500,128000,124500,3497303,35.84235847542,34.453165355340005,127500.0,126142.85714285714,128433.33333333333,127450.0,127168.65325786485,127304.88902083674,127566.88901259661,125101.20164105,100.0,101.07587768969421,99.27329353750325,100.03923107100823,0.5324675324675324,-74.87878229914664,-1058.2749649156858
2021-02-08,125000,-2500,127500,128000,125000,2876471,29.871105694690904,33.84649874692727,125833.33333333333,126428.57142857143,128100.0,127750.0,126084.32662893242,126728.66676562755,127246.02788518352,125094.6721654352,99.33774834437087,98.87005649717514,97.5800156128025,97.84735812133071,0.5679012345679012,-127.07498568975392,-1105.5492855266734
2021-02-09,125500,500,127500,130000,125000,5177095,20.73692839300001,22.4008608278,126000.0,126857.14285714286,127766.66666666667,128000.0,125792.16331446622,126421.50007422066,127027.77439903651,125120.82361277018,99.60317460317461,98.93018018018019,98.22593268979911,98.046875,0.5609756097560976,-122.38596491227895,-1066.7731685855028
2021-02-10,126000,500,125500,127000,124500,4262526,24.17833282956,24.90991805134,125500.0,127000.0,127466.66666666667,128350.0,125896.08165723311,126316.1250556655,126899.3025988999,125177.54723573267,100.39840637450199,99.21259842519686,98.84937238493724,98.16906895208415,0.5679012345679012,-412.244897959182,-973.6636023390506
2021-02-15,132000,6000,130000,132500,130000,5384526,38.00472956637501,35.768721412525,127833.33333333333,127285.71428571429,127500.0,128883.33333333333,128948.04082861656,127737.09379174912,127536.88977515366,125617.72410413965,103.25945241199479,103.7037037037037,103.5294117647059,102.41820768136559,0.45977011494252873,1107.646622123226,-498.1664201454878
2021-02-16,132500,500,132500,134000,130500,3218689,28.217152554566663,31.288075542733328,130166.66666666667,127642.85714285714,127766.66666666667,129350.0,130724.02041430828,128927.82034381185,128157.27855420981,126061.75948050982,101.79257362355953,103.80526021264689,103.70466997130185,102.43525318902202,0.5333333333333334,3068.6767169178283,-157.78125618141212
2021-02-17,130000,-2500,131000,131000,128000,3621178,15.5572147363,25.10314588994,131500.0,128357.14285714286,127433.33333333333,129483.33333333333,130362.01020715415,129195.8652578589,128387.61873524234,126315.84892297491,98.85931558935361,101.27991096271565,102.01412503269684,100.39902175312139,0.4852941176470589,-1053.892215568928,-111.01722798517903
2021-02-18,126000,-4000,128500,130000,125500,3792425,44.815654855766645,33.667143738849994,129500.0,128142.85714285714,127233.33333333333,129333.33333333333,128181.00510357707,128396.89894339418,128089.16639298701,126295.47086718868,97.2972972972973,98.32775919732441,99.03065234477339,97.42268041237114,0.5333333333333334,211.347517730499,-346.2135855413824
2021-02-19,133000,7000,129000,133000,128500,6986526,30.608236629649998,22.96665039685,129666.66666666667,129285.71428571429,127533.33333333333,129400.0,130590.50255178854,129547.67420754563,128703.0205944936,126728.03515155481,102.57069408740361,102.87292817679558,104.28646105593309,102.7820710973725,0.3717948717948718,-385.52971576227725,-43.0288798127458
2021-02-22,136500,3500,136000,139500,135000,7961516,28.347014510799998,24.89931051896249,131833.33333333334,130857.14285714286,128433.33333333333,129466.66666666667,133545.25127589426,131285.75565565922,129677.64302105707,127358.50360952505,103.53982300884954,104.31222707423582,106.28082014015054,105.43254376931,0.3333333333333333,-1513.4317063942647,358.44688931431006
2021-02-23,138500,2000,133500,140000,131500,6400037,24.9629071217,36.8931579178,136000.0,132642.85714285713,129500.0,129483.33333333333,136022.62563794712,133089.3167417444,130780.4376442914,128077.33021388331,101.83823529411764,104.41572428648358,106.94980694980696,106.96357317544086,0.3373493975903615,-5164.556962025421,703.9406869829318
2021-02-24,136000,-2500,137500,143500,134000,9074809,29.43802654852857,32.83481139758572,137000.0,133214.2857142857,130233.33333333333,129583.33333333333,136011.31281897356,133816.9875563083,131432.88293920355,128588.48376095027,99.27007299270073,102.0911528150134,104.42794983363196,104.95176848874598,0.42307692307692313,6570.972886762131,707.4522471353696
2021-02-25,148500,12500,141000,149500,140000,9936495,31.923213113737503,34.3642019621,141000.0,135500.0,131466.66666666666,130233.33333333333,142255.65640948678,137487.74066723124,133566.27257308646,129873.12959460562,105.31914893617021,109.59409594095942,112.95638945233266,114.0261069874584,0.32038834951456313,1316.8469860896387,1452.0800616392858
2021-02-26,141500,-7000,143500,145000,138000,10843268,29.26916801014615,37.22160451505384,142000.0,137142.85714285713,132233.33333333334,130516.66666666667,141877.8282047434,138490.80550042342,134557.98850197266,130623.26768197959,99.64788732394366,103.17708333333336,107.0078144693723,108.41527263440173,0.34579439252336447,530.7285307285291,1374.4419547604666
2021-03-02,144500,3000,149000,150500,141000,9376523,32.24842732473333,26.92562552476667,144833.33333333334,139785.7142857143,133533.33333333334,130983.33333333333,143188.9141023717,139993.10412531756,135800.73993979848,131518.56017984252,99.76985040276179,103.37250894225856,108.21268097853218,110.31937905585953,0.3425925925925926,381.6204840406876,1420.534851338647
2021-03-03,147000,2500,142500,147000,139500,5827221,47.89502910508752,44.52839924438752,144333.33333333334,141785.7142857143,134833.33333333334,131633.33333333334,145094.45705118583,141744.82809398815,137200.64744788787,132517.383042982,101.84757505773672,103.67758186397984,109.02348578491964,111.6738414788554,0.29629629629629634,239.55147808358785,1506.6173248909336
2021-03-04,142000,-5000,143000,145500,139500,6586562,30.60574081055001,36.640240829,144500.0,142571.42857142858,135966.66666666666,132033.33333333334,143547.22852559292,141808.62107049112,137800.56651711342,133129.17641060776,98.26989619377161,99.59919839679358,104.43736209855356,107.5485988386771,0.358974358974359,141.44523101125105,1131.1871656803532
2021-03-05,140000,-2000,138000,141500,136500,6091444,20.095892070440005,25.228434467700005,143000.0,142785.7142857143,136933.33333333334,132350.0,141773.61426279647,141356.46580286833,138075.49570255907,133572.46323389985,97.9020979020979,98.04902451225612,102.23953261927944,105.78012844729882,0.38333333333333336,78.99622303309627,675.0446378310999
2021-03-08,135500,-4500,143000,143000,135500,5587787,30.05820413086,36.30320013764001,139166.66666666666,142714.2857142857,137566.66666666666,132516.66666666666,138636.80713139824,139892.34935215124,137753.55873965228,133696.82251317715,97.36526946107786,94.94494494494494,98.49769808577659,102.25128914601937,0.4700854700854701,50.32142966995754,31.14261409567871
2021-03-09,136500,1000,134000,137500,130500,7822152,26.51744763615,30.512954483366677,137333.33333333334,141000.0,137866.66666666666,132683.33333333334,137568.40356569912,139044.26201411342,137596.86389715874,133877.67548779902,99.39320388349515,96.80851063829788,99.00870406189556,102.8765230498681,0.46610169491525427,-2.956655431376164,-345.7638169382212
2021-03-11,137000,4000,134500,139000,134000,6707671,30.39847888368,27.474397372610003,136333.33333333334,140357.14285714287,138166.66666666666,132966.66666666666,137284.20178284956,138533.19651058505,137522.25590999846,134079.1187112563,100.48899755501222,97.60814249363867,99.1556091676719,103.03334168964653,0.43859649122807015,15.36622844459581,-566.6852029378838
2021-03-12,140000,3000,140500,142500,139500,4548695,42.105611274228586,41.10284889994284,137833.33333333334,139714.2857142857,138833.33333333334,133133.33333333334,138642.10089142478,138899.8973829388,137831.97392130469,134461.11625433745,101.57194679564692,100.20449897750512,100.84033613445378,105.15773660490734,0.375,55.88250888075912,-517.4217247705601
2021-03-15,136500,-3500,141500,142000,136000,4289990,35.15059799111428,37.645701640628566,137833.33333333334,138214.2857142857,139533.33333333334,133383.33333333334,137571.0504457124,138299.9230372041,137665.47718111528,134592.65881687528,99.03264812575574,98.75968992248062,97.82608695652173,102.33662376608773,0.4666666666666667,16.369392324916646,-715.0286943386945
2021-03-16,140500,4000,138500,140500,138000,3304561,22.865682978387504,22.047499967999997,139000.0,138000.0,140033.33333333334,133783.33333333334,139035.5252228562,138849.94227790306,138019.79253352492,134973.78214477972,101.07913669064747,101.81159420289856,100.33325398714592,105.0205556247664,0.46226415094339623,25.26523562792972,-576.7491727181059
2021-03-17,140000,-500,141000,141000,138500,2588319,26.105686515457148,29.95036320564285,139000.0,138000.0,140266.66666666666,134350.0,139517.7626114281,139137.4567084273,138267.31846686432,135298.0578795891,100.71942446043165,101.44927536231884,99.80988593155894,104.2054335690361,0.48543689320388356,22.54982663573562,-521.0557610979672
2021-03-18,142000,2000,142500,145000,141000,4426840,28.697908907215396,38.3977136329923,140833.33333333334,138928.57142857142,140500.0,135000.0,140758.88130571405,139853.09253132046,138733.90365855576,135730.44575158632,100.8284023668639,102.2107969151671,101.067615658363,105.18518518518518,0.4411764705882353,50.11559400402719,-359.31377963687464
2021-03-19,138000,-4000,138000,139500,137000,4015627,22.262593183150003,28.88653515632499,140000.0,139142.85714285713,140633.33333333334,135433.33333333334,139379.440652857,139389.81939849033,138642.1657012278,135876.870034867,98.57142857142858,99.17864476386038,98.12751836928182,101.89515136598573,0.6235294117647059,-8.794541319181562,-521.6678241656682
2021-03-22,138000,0,138500,140000,137000,2727719,27.86151245768,31.13013952426001,139333.33333333334,139285.7142857143,139933.33333333334,135700.0,138689.7203264285,139042.36454886774,138561.8949885678,136013.84741181022,99.04306220095694,99.07692307692308,98.61838970938541,101.69491525423729,0.5492957746478874,-13.530228448819788,-622.188855881202
2021-03-23,135000,-3000,139000,139500,134000,3839090,26.867475215642862,40.57907000801429,137000.0,138571.42857142858,139500.0,135866.66666666666,136844.86016321427,138031.77341165082,138116.65811496522,135948.43734290346,98.54014598540147,97.42268041237114,96.7741935483871,99.36211972522081,0.6338028169014084,-45.339779747515756,-868.7193198526597
2021-03-24,133500,-1500,133000,134500,131500,3894080,22.18853373825,27.8389904003875,135500.0,138142.85714285713,138766.66666666666,136150.0,135172.43008160713,136898.8300587381,137539.5758505587,135790.47238167824,98.5239852398524,96.63908996897622,96.20466010088879,98.05361733382298,0.6956521739130435,-95.01455262416738,-1096.135782334099
2021-03-25,133000,-500,133000,134500,130500,4157799,33.782441309949995,41.438052772450014,133833.33333333334,137071.42857142858,137833.33333333334,136333.33333333334,134086.21504080357,135924.12254405356,136972.128869208,135610.44056027738,99.37733499377335,97.02970297029702,96.49334945586456,97.55501222493886,0.6499999999999999,-118.59476392929093,-1233.3345127080484
2021-03-26,135000,2000,134000,135000,132000,3835443,34.82504555004285,34.85513763737142,133833.33333333334,136357.14285714287,137366.66666666666,136666.66666666666,134543.10752040177,135693.09190804017,136725.61276054528,135571.0570230426,100.87173100871732,99.00471451021477,98.277117204562,98.78048780487806,0.5833333333333333,-111.84210526315822,-1144.4393229683235
2021-03-29,132000,-3000,135500,135500,131500,3575226,39.0967773681,37.99750643454544,133333.33333333334,134928.57142857142,136833.33333333334,136883.33333333334,133271.55376020088,134769.81893103014,136134.91116545253,135340.6647408721,98.99999999999999,97.82953943885654,96.46772228989036,96.43248508462193,0.5614035087719298,-184.55026455026538,-1234.9724711710505
2021-03-30,134500,2500,133000,135500,132000,3304184,26.23906283667,40.28456337229001,133833.33333333334,134428.57142857142,136766.66666666666,137166.66666666666,133885.77688010043,134702.3641982726,135930.54726976354,135286.4279742137,100.49813200498133,100.05313496280553,98.34267609066536,98.05589307411908,0.5333333333333333,-222.37380627558133,-1079.4103508881228
2021-03-31,132500,-2000,134500,135000,132000,3309680,33.15946017542,31.77225324164001,133000.0,133642.85714285713,136500.0,137183.33333333334,133192.8884400502,134151.77314870447,135501.72886102943,135106.65739878808,99.62406015037594,99.14484233030466,97.06959706959707,96.58607702587777,0.5714285714285715,-877.5510204081992,-1062.474353618989
2021-04-01,140500,8000,138000,140500,136500,5833436,36.90535899885455,34.76741646112728,135833.33333333334,134428.57142857142,136733.33333333334,137450.0,136846.4442200251,135738.82986152833,136126.51275341818,135454.61684863328,103.43558282208589,104.51647183846973,102.75475377864456,102.21898872317206,0.49315068493150693,-806.8376068375451,-492.716601567212
2021-04-02,141000,500,142000,143000,140000,3432245,24.891242099183334,29.49920744655,138000.0,135500.0,136800.0,137816.66666666666,138923.22211001255,137054.12239614624,136735.69865925575,135812.38529517924,102.17391304347827,104.0590405904059,103.0701754385965,102.30983190228564,0.43283582089552236,-725.9580621836403,-83.83764003975102
2021-04-05,143000,2000,142000,144500,141000,2616440,25.05938378215,27.352093579049995,141500.0,136928.57142857142,137233.33333333334,138383.33333333334,140961.61105500627,138540.59179710966,137518.73632686553,136276.104545286,101.0600706713781,104.43401147626501,104.20208889968423,103.33614356256773,0.46031746031746035,-1003.7965072133483,298.68901907658653
2021-04-06,143000,0,147000,147000,141500,3753217,26.203505382560003,27.95814798715,142333.33333333334,138071.42857142858,137400.0,138716.66666666666,141980.80552750314,139655.44384783224,138203.89428602014,136709.90615315246,100.46838407494145,103.56958096223485,104.07569141193595,103.08782890784573,0.45161290322580644,-1838.5705483671757,516.3298690220123
2021-04-07,143500,500,146000,146000,142500,2424687,21.00577121832,22.511075352580004,143166.66666666666,139714.2857142857,137633.33333333334,138950.0,142740.40276375157,140616.58288587417,138865.90750027847,137147.97851988408,100.23282887077998,102.70961145194275,104.2625333010414,103.27455919395464,0.47457627118644075,4861.53846153881,649.9463893238233
2021-04-08,144000,500,143500,146000,142500,3774932,27.202466928185714,40.813412217257145,143500.0,141071.42857142858,137766.66666666666,139133.33333333334,143370.20138187578,141462.43716440562,139507.66906275283,137590.046117248,100.34843205574913,102.0759493670886,104.52455843213161,103.49784379492093,0.3846153846153846,1226.0947274352275,722.4123310707703
2021-04-09,140000,-4000,144000,145000,139500,3276077,31.186886849941672,45.98693011659167,142500.0,142142.85714285713,137900.0,139266.66666666666,141685.1006909379,141096.82787330422,139569.21042990952,137745.52757074186,98.24561403508771,98.49246231155779,101.5228426395939,100.52656773575875,0.4666666666666666,829.8850574712753,463.9256196239885
2021-04-12,137500,-2500,140500,140500,136000,3878457,33.816770350199995,41.36391407692001,140500.0,141714.2857142857,137866.66666666666,138900.0,139592.55034546895,140197.62090497816,139310.559126168,137729.6870291412,97.86476868327402,97.02620967741936,99.7340425531915,98.99208063354932,0.4576271186440678,-213.03948576674995,106.22356246284971
2021-04-13,139500,2000,136000,140000,135500,2876178,19.7071531839,26.06312168274,139000.0,141500.0,138166.66666666666,138833.33333333334,139546.27517273446,140023.21567873363,139334.23923539722,137843.90112780253,100.35971223021582,98.58657243816255,100.96501809408926,100.48019207683072,0.3999999999999999,-137.45704467355387,-7.976159538085994
2021-04-14,137000,-2500,139000,139000,136500,2777203,35.88413122628571,38.74475830627141,138000.0,140642.85714285713,138400.0,138583.33333333334,138273.13758636723,139267.4117590502,139042.45933097013,137789.45573383354,99.27536231884058,97.4098527171153,98.98843930635837,98.8574864702345,0.4375,568.8888888888889,-250.727991596867
2021-04-15,137500,500,136000,139000,136000,2291160,28.706263448741176,33.25440821551765,138000.0,139857.14285714287,138700.0,138266.66666666666,137886.5687931836,138825.55881928766,138849.65191459746,137770.78111904804,99.63768115942028,98.31460674157303,99.13482335976929,99.44551591128256,0.45901639344262296,109.15197313182021,-369.3039641391358
2021-04-16,137500,0,138500,139000,137500,1982877,26.352582889162505,33.224143217225,137333.33333333334,139000.0,138866.66666666666,138116.66666666666,137693.2843965918,138494.16911446574,138680.9454252717,137753.31132452708,100.12135922330097,98.92086330935251,99.01584253480557,99.55351755762038,0.39999999999999997,7.501172058129791,-434.90006752028034
2021-04-19,138000,500,138000,139000,137000,1906782,34.91965730438001,38.39188826098,137666.66666666666,138142.85714285713,139266.66666666666,138050.0,137846.64219829591,138370.62683584928,138595.82724711223,137769.22676121496,100.24213075060533,99.89658738366082,99.09047391096219,99.96378123868163,0.4313725490196078,4.605641911338767,-430.9507117782805
2021-04-20,138500,500,136500,138500,136500,2167732,27.575624820033337,31.098136999966663,138000.0,137928.57142857142,139533.33333333334,138150.0,138173.32109914796,138402.97012688694,138583.84884122314,137816.37352783675,100.36231884057972,100.41429311237702,99.25943621595795,100.25334781035107,0.37500000000000006,225.74955908289675,-382.6364168974127
2021-04-21,132500,-6000,138000,138000,132000,5120577,21.59166176172,27.63612332322,136333.33333333334,137214.2857142857,139533.33333333334,138016.66666666666,135336.66054957398,136927.2275951652,137823.36773606698,137473.3809655587,97.18826405867969,96.5642894325872,94.95938843764931,96.0028982007004,0.6818181818181818,-6927.536231883111,-722.9903529915742
2021-04-22,133000,500,134500,135500,133000,3007457,25.964262135125004,26.692096867175,134666.66666666666,136285.7142857143,139033.33333333334,137883.33333333334,134168.33027478697,135945.42069637388,137220.44676905632,137184.7751738322,98.76237623762377,97.58909853249476,95.66051306641093,96.45835851565332,0.6818181818181818,-1933.7016574584954,-872.6495412418958
2021-04-23,132500,-500,130500,132500,128500,4854412,35.0303781422,38.28373701239999,132666.66666666666,135642.85714285713,138466.66666666666,137633.33333333334,133334.1651373935,135084.0655222804,136630.39092292232,136882.53105762645,99.87437185929649,97.68299104791997,95.69090033702456,96.27028336158875,0.7560975609756098,-7561.643835615989,-956.7682783413624
2021-04-26,131500,-1000,132500,132500,130500,2904879,21.86566052406666,19.347668414399998,132333.33333333334,134785.7142857143,137700.0,137466.66666666666,132417.08256869676,134188.0491417103,135989.0920575552,136535.27039114604,99.37027707808564,97.56226815050344,95.49745824255628,95.65955383123182,0.7674418604651163,-49460.317460301165,-1025.1260446107715
2021-04-27,135000,3500,133000,136000,132500,3394650,42.02208656429999,40.77060880256,133000.0,134428.57142857142,137166.66666666666,137283.33333333334,133708.54128434838,134391.0368562827,135865.4555503605,136436.2205288614,101.50375939849626,100.42507970244421,98.42041312272175,98.33677309700133,0.6734693877551021,-6393.939393939092,-790.5058118950296
2021-04-28,130000,-5000,134500,135000,130000,5596760,25.835475955854545,29.000450782145457,132166.66666666666,133285.7142857143,136266.66666666666,136950.0,131854.27064217418,133293.27764221202,135132.27360656383,136020.97986870864,98.36065573770493,97.53483386923901,95.40117416829746,94.92515516611903,0.7413793103448276,6738.255033557415,-918.9323402045676
2021-04-29,130000,0,132000,133000,129000,3738266,28.865542708988887,30.56123417473333,131666.66666666666,132071.42857142858,135333.33333333334,136550.0,130927.13532108709,132469.958231659,134490.73940574212,135632.52900673854,98.73417721518987,98.43158464034613,96.0591133004926,95.20322226290736,0.7,908.0364540182347,-946.9945184316697
2021-04-30,128000,-2000,130000,130500,126500,3955947,34.92001968436364,39.42044721117273,129333.33333333333,131428.57142857142,134533.33333333334,136216.66666666666,129463.56766054354,131352.46867374424,133679.39698002298,135140.10713080602,98.96907216494846,97.3913043478261,95.14370664023785,93.96794322770099,0.6938775510204082,499.57311867300996,-1036.1561168991102
2021-05-03,131500,3500,127500,132500,127000,4085398,24.78083329487778,26.822953147200003,129833.33333333333,131214.2857142857,134133.33333333334,136000.0,130481.78383027177,131389.35150530818,133406.9723575197,134905.2612196032,101.2836970474968,100.21774632553075,98.03677932405566,96.69117647058823,0.6538461538461539,230.4005199447568,-805.5809404069848
2021-05-04,132000,500,130500,132000,129000,2547004,32.378175934316666,41.11812188953333,130500.0,131142.85714285713,133633.33333333334,135900.0,131240.8919151359,131542.01362898113,133231.10081282948,134717.8247954674,101.14942528735634,100.65359477124186,98.77775006235969,97.13024282560706,0.6041666666666667,136.27106091464537,-576.3049621294113
2021-05-06,129000,-3000,130000,130500,128000,4211535,27.220480953225,34.4376258585,130833.33333333333,130785.71428571429,133100.0,135750.0,130120.44595756795,130906.51022173585,132702.2132112252,134348.93247472512,98.59872611464968,98.63462588749317,96.91960931630354,95.02762430939227,0.660377358490566,134.02011282805927,-581.9106023212828
2021-05-07,129500,500,128000,131000,127000,3450323,29.928049996799995,35.95058070193333,130166.66666666667,130000.0,132566.66666666666,135633.33333333334,129810.22297878398,130554.88266630188,132301.93655982165,134036.09780541318,99.48783610755441,99.61538461538461,97.6866985164697,95.47800442369132,0.6481481481481481,97.9275039220544,-509.7535448039314
2021-05-10,130000,500,131000,131000,128500,3067077,33.618935211300006,36.1408747123,129500.0,130000.0,132066.66666666666,135466.66666666666,129905.11148939199,130416.16199972642,132014.1944898437,133775.70415247267,100.38610038610038,100.0,98.43513377082283,95.96456692913387,0.6481481481481481,66.53150108883386,-391.47709546744886
2021-05-11,123000,-7000,127000,127500,122000,9882491,32.57809359142857,49.31747803729999,127500.0,129000.0,131066.66666666667,135166.66666666666,126452.555744696,128562.12149979481,130887.42017861239,133080.49681820354,96.47058823529412,95.34883720930233,93.84537131230925,90.99876695437732,0.7313432835820894,140.63556457065582,-728.2343287789633
2021-05-12,119500,-3500,123000,123500,119000,8272196,23.3421246253,29.827529148912504,124166.66666666667,127785.71428571429,129800.0,134666.66666666666,122976.277872348,126296.5911248461,129463.9926562849,132204.33500837485,96.24161073825503,93.51593068753493,92.06471494607088,88.73762376237624,0.7096774193548386,161.13292871593464,-1107.522894158174
2021-05-13,117500,-2000,116000,118500,115500,6042025,29.103850263354538,36.79049969903181,120000.0,125785.71428571429,128800.0,134166.66666666666,120238.138936174,124097.44334363459,127968.49357424842,131255.66749950894,97.91666666666666,93.41283361726292,91.22670807453416,87.57763975155281,0.7384615384615384,172.62277951933106,-1395.3355859651929
2021-05-14,118500,1000,118500,120000,118000,3227201,40.86717413428461,47.25733986050769,118500.0,123857.14285714286,127833.33333333333,133433.33333333334,119369.069468087,122698.08250772594,126784.93187746676,130432.72061346225,100.0,95.67474048442907,92.69882659713168,88.80839370472145,0.7121212121212122,127.30079562997268,-1416.0921273758863
2021-05-17,117500,-1000,120000,120000,117000,3110127,39.09005354038571,39.28567611614285,117833.33333333333,122214.28571428571,126833.33333333333,132650.0,118434.5347340435,121398.56188079446,125624.31539278291,129598.35097657029,99.71711456859971,96.14260666277032,92.64126149802891,88.57896720693554,0.7121212121212122,113.14027306722308,-1392.7827132949365
2021-05-18,121000,3500,117500,122000,117500,3470048,61.912033306350025,62.22130822864997,119000.0,121000.0,126133.33333333333,131916.66666666666,119717.26736702175,121298.92141059584,125046.27596868483,129043.61830405991,101.68067226890756,100.0,95.93023255813954,91.72457359444094,0.7121212121212122,78.1134856300663,-1052.7216284403025
2021-05-20,122500,1500,121000,124000,119500,4600751,33.60810379831668,34.73675172939167,120333.33333333333,119928.57142857143,125300.0,131233.33333333334,121108.63368351088,121599.19105794688,124727.99147259913,128621.4491310147,101.8005540166205,102.14413341274569,97.76536312849163,93.34518669037337,0.6271186440677966,50.441063288141585,-657.1892503865456
