,level_0,index,Unnamed: 0,일자,종가,대비,등락률,시가,고가,저가,거래량,거래대금,시가총액,상장주식수,sumPos,sumNeg
0,0,0,223,2020/06/24,86000,1900,2.26,84200,87400,84000,4079834,351579333300,62608203390000,728002365,13.297153228180003,15.66900900622
1,1,1,222,2020/06/25,84300,-1700,-1.98,84300,85600,84000,3397112,287640892200,61370599369500,728002365,34.523930575916665,36.89938196389999
2,3,3,220,2020/06/29,83600,-1000,-1.18,84000,85300,83500,2932433,246769859800,60860997714000,728002365,27.716534737200014,29.585386157899997
3,4,4,219,2020/06/30,85100,1500,1.79,86200,87300,85000,4983607,430210457400,61953001261500,728002365,34.89002723115001,30.797497241925004
4,5,5,218,2020/07/01,85300,200,0.24,86800,87300,84900,2382552,204996625700,62098601734500,728002365,27.723506123199996,28.401031466333322
5,6,6,217,2020/07/02,84400,-900,-1.06,84800,85200,84000,3295340,278230270900,61443399606000,728002365,20.95255501825,23.0179266104
6,7,7,216,2020/07/03,85400,1000,1.18,85000,85600,84500,2195897,186505562700,62171401971000,728002365,29.100144598599993,31.034118212066662
7,8,8,215,2020/07/06,86000,600,0.7,86000,87000,85800,2561766,221380002600,62608203390000,728002365,29.070473456025,32.732914143200006
8,9,9,214,2020/07/07,84800,-1200,-1.4,87300,87300,84600,3196352,273456680600,61734600552000,728002365,19.995566219300002,22.193952747274995
9,10,10,213,2020/07/08,83700,-1100,-1.3,83800,84900,83600,3523620,295860393700,60933797950500,728002365,15.86850202465,15.777039607449996
10,11,11,212,2020/07/09,83000,-700,-0.84,84200,84600,83000,4002365,333613553000,60424196295000,728002365,28.48069700324167,33.469283512825
11,12,12,211,2020/07/10,82800,-200,-0.24,83300,83500,82400,2201557,182243451800,60278595822000,728002365,26.645082364775003,31.585580104374998
12,13,13,210,2020/07/13,83000,200,0.24,83100,83500,82500,2080934,172499797800,60424196295000,728002365,33.60042395183334,38.38851594343331
13,15,15,208,2020/07/15,83000,100,0.12,83100,83900,82900,3024429,251923987700,60424196295000,728002365,29.735108251950003,30.980695601475
14,16,16,207,2020/07/16,82700,-300,-0.36,83000,83100,82300,2312310,191183881500,60205795585500,728002365,51.37561571187497,54.867114040475
15,18,18,205,2020/07/20,82200,-700,-0.84,82800,83000,82100,2008624,165380599100,59841794403000,728002365,33.08274799753334,35.76829243973332
16,19,19,204,2020/07/21,84100,1900,2.31,83400,84700,83000,4181015,351360291700,61224998896500,728002365,26.16480718366667,26.883867005766664
17,20,20,203,2020/07/22,83200,-900,-1.07,84100,84200,82900,2876295,239611385215,60569796768000,728002365,31.49411731370001,33.57340742660001
18,21,21,202,2020/07/23,82400,-800,-0.96,84000,84000,82300,3591647,297728783200,59987394876000,728002365,25.2487601983,26.127698177590904
19,22,22,201,2020/07/24,83700,1300,1.58,82300,83700,82200,3667416,304393422600,60933797950500,728002365,24.066452706733333,25.740773693199998
20,23,23,200,2020/07/27,82800,-900,-1.08,83100,84000,82800,2784652,231629150440,60278595822000,728002365,18.641155817099992,18.0674004856
21,24,24,199,2020/07/28,83100,300,0.36,83900,83900,82700,4538720,378147743500,60496996531500,728002365,19.9803518092,19.989787247049996
22,25,25,198,2020/07/29,83200,100,0.12,82900,83800,82600,3719681,309547939100,60569796768000,728002365,24.16307820395,26.059936206449997
23,28,28,195,2020/08/03,81800,-1000,-1.21,82400,82600,81500,3483106,285292645200,59550593457000,728002365,31.210921328550015,34.884700429700004
24,29,29,194,2020/08/04,81600,-200,-0.24,81800,82500,81400,3005937,245898247600,59404992984000,728002365,28.43771980145,31.1789523621
25,30,30,193,2020/08/05,80700,-900,-1.1,81200,81300,80500,4537005,366305427151,58749790855500,728002365,32.2306735511,34.676642869000005
26,31,31,192,2020/08/06,81100,400,0.5,80700,81900,80700,3391939,275352872316,59040991801500,728002365,40.2655482139,42.59940013613331
27,32,32,191,2020/08/07,80600,-500,-0.62,81200,81300,80000,4946631,397344111700,58676990619000,728002365,28.0041920389,29.97143905835
28,33,33,190,2020/08/10,81400,800,0.99,80100,81900,79800,3277238,265033012100,59259392511000,728002365,21.19919311576,25.401642207420004
29,34,34,189,2020/08/11,81300,-100,-0.12,81700,82000,81000,3234013,263787032800,59186592274500,728002365,33.660320521300015,34.26724059914999
30,35,35,188,2020/08/12,81000,-300,-0.37,81100,81300,80200,3595828,289641970965,58968191565000,728002365,25.750168990299997,28.5894883034
31,36,36,187,2020/08/13,80700,-300,-0.37,81900,82000,80300,4049387,328483224600,58749790855500,728002365,23.538259697574993,25.765210897600003
32,37,37,186,2020/08/14,80200,-500,-0.62,80200,81100,80100,2589552,207896270700,58385789673000,728002365,37.28331888599998,43.82620794150001
33,38,38,185,2020/08/18,78100,-2100,-2.62,80000,80200,78000,4946279,391556333215,56856984706500,728002365,27.73619529761667,35.56551230448334
34,39,39,184,2020/08/19,75000,-3100,-3.97,77300,78000,75000,8028305,609790999800,54600177375000,728002365,24.8977470685,30.700007916774997
35,40,40,183,2020/08/20,71800,-3200,-4.27,74400,74400,71300,7260223,525176256700,52270569807000,728002365,25.65785873762,27.313007895159995
36,41,41,182,2020/08/21,74500,2700,3.76,72800,77000,72500,7700029,573840629600,54236176192500,728002365,23.270124513166667,22.170960248016666
37,42,42,181,2020/08/24,75500,1000,1.34,74600,77200,73700,4298619,326758783800,54964178557500,728002365,25.583048229924998,26.853055553449995
38,43,43,180,2020/08/25,77000,1500,1.99,76300,77700,75400,3473488,266311133590,56056182105000,728002365,42.67078054144999,36.82984273899999
39,44,44,179,2020/08/26,78800,1800,2.34,78000,79100,77100,4741965,371645530948,57366586362000,728002365,32.99398863723332,32.30637479229999
40,45,45,178,2020/08/27,79100,300,0.38,80200,80200,78800,4223450,335794412800,57584987071500,728002365,29.611940499566675,41.63732445840001
41,46,46,177,2020/08/28,77800,-1300,-1.64,79500,79600,77700,2511956,196420844304,56638583997000,728002365,19.485275404700005,21.894449073799997
42,47,47,176,2020/08/31,75100,-2700,-3.47,78200,78800,75100,5113128,388582174600,54672977611500,728002365,25.5226316587,32.1240605529
43,48,48,175,2020/09/01,75200,100,0.13,75200,76500,75200,2538676,191845520800,54745777848000,728002365,20.149504902833343,22.456443041366665
44,49,49,174,2020/09/02,75500,300,0.4,75900,76400,74900,2369360,178744172820,54964178557500,728002365,63.558221050299984,51.0542689545
45,50,50,173,2020/09/03,78700,3200,4.24,77700,79700,77200,7002529,551333914770,57293786125500,728002365,26.044619153499987,24.5365052126
46,51,51,172,2020/09/04,78700,0,0.0,76400,79400,76100,4582566,357748053900,57293786125500,728002365,32.899512192719996,35.80615949149998
47,52,52,171,2020/09/07,78400,-300,-0.38,78600,79500,77600,2786930,218349968500,57075385416000,728002365,21.263158242033338,25.05078279283333
48,53,53,170,2020/09/08,79400,1000,1.28,78700,80000,78200,3380355,267736731800,57803387781000,728002365,30.90596561675,38.36328035846666
49,54,54,169,2020/09/09,77300,-2100,-2.64,77900,78400,77200,3918435,305036735025,56274582814500,728002365,25.39774613978,28.05945018374
50,55,55,168,2020/09/10,76600,-700,-0.91,78000,78200,76600,3541520,272690710300,55764981159000,728002365,34.863926579442854,34.10274574428571
51,56,56,167,2020/09/11,78400,1800,2.35,76700,78500,76300,2831262,219991757400,57075385416000,728002365,32.97602153696668,25.55605638070001
52,57,57,166,2020/09/14,80000,1600,2.04,79100,80100,78900,4099644,326791141400,58240189200000,728002365,49.25818014489999,41.71557928294167
53,58,58,165,2020/09/15,81900,1900,2.38,81300,82100,80200,5899410,481035213300,59623393693500,728002365,32.989488167963636,31.667942790618188
54,59,59,164,2020/09/16,81500,-400,-0.49,81700,82400,80500,3119110,253675146400,59332192747500,728002365,34.3889516648,35.405801209566675
55,60,60,163,2020/09/17,82200,700,0.86,81900,82900,81200,4055050,332692384768,59841794403000,728002365,22.7053418314,19.278387789000003
56,61,61,162,2020/09/18,83700,1500,1.82,82900,83900,82200,5199334,432538562400,60933797950500,728002365,35.64407861354999,27.857640471600018
57,62,62,161,2020/09/21,84500,800,0.96,83700,85000,83600,4102947,346936913500,61516199842500,728002365,20.56237743305,31.054443990775
58,63,63,160,2020/09/22,81300,-3200,-3.79,84400,84800,80200,4139983,340340683784,59186592274500,728002365,29.39798638331111,35.88309371761111
59,64,64,159,2020/09/23,83600,2300,2.83,82300,84800,80500,4439085,367169323600,60860997714000,728002365,34.77756601828332,32.29160300308333
60,65,65,158,2020/09/24,84300,700,0.84,82800,85400,82300,6401560,541562339800,61370599369500,728002365,31.760460872299994,36.421789457319996
61,66,66,157,2020/09/25,82900,-1400,-1.66,85800,85900,82200,3205596,268532032600,60351396058500,728002365,35.479249143849984,39.49749799195
62,67,67,156,2020/09/28,82500,-400,-0.48,83400,83700,81300,3154068,259586124900,60060195112500,728002365,26.759390213224997,24.782735982199995
63,68,68,155,2020/09/29,84000,1500,1.82,83100,84900,82200,4707898,396447085300,61152198660000,728002365,38.25907053209998,40.139475139739986
64,69,69,154,2020/10/05,83200,-800,-0.95,83000,84100,82300,3396894,282884127576,60569796768000,728002365,21.844491141299994,22.6465961556
65,70,70,153,2020/10/06,83000,-200,-0.24,84000,84200,82600,2750145,228785586609,60424196295000,728002365,23.8242131932,24.435428157400008
66,71,71,152,2020/10/07,83400,400,0.48,82900,83700,82500,2254356,187490033150,60715397241000,728002365,26.45756198865,30.191359471949994
67,72,72,151,2020/10/08,82900,-500,-0.6,84300,84500,82900,3330824,277459883800,60351396058500,728002365,25.33661494754999,19.51122750615
68,73,73,150,2020/10/12,85500,2600,3.14,83900,85500,83500,4464264,379388682000,62244202207500,728002365,41.656612676933335,35.22631360020001
69,74,74,149,2020/10/13,88200,2700,3.16,85500,89000,84600,6375448,553188776354,64209808593000,728002365,24.868158327749995,30.305737721
70,75,75,148,2020/10/14,86500,-1700,-1.93,88000,88900,86100,3223767,281533136850,62972204572500,728002365,21.650439111849998,29.597883011224994
71,77,77,146,2020/10/16,85300,-1800,-2.07,87000,87900,84900,2435541,209686982700,62098601734500,728002365,35.54984796225,31.500193070599998
72,78,78,145,2020/10/19,86700,1400,1.64,86100,87900,85800,3150011,274650442600,63117805045500,728002365,36.042059977466685,33.49121871296666
73,79,79,144,2020/10/20,85200,-1500,-1.73,85300,90900,83700,6622637,567966165400,62025801498000,728002365,19.984822035181818,25.96368420525454
74,80,80,143,2020/10/21,83800,-1400,-1.64,85300,86200,82800,4925877,414313821100,61006598187000,728002365,32.33664764116666,39.20848367436667
75,81,81,142,2020/10/22,83300,-500,-0.6,84200,84300,82500,2593975,215562088236,60642597004500,728002365,33.97464314458571,37.62810121617143
76,83,83,140,2020/10/26,83200,-700,-0.83,84300,84700,83000,1662847,139286481800,60569796768000,728002365,25.302883842725,25.5126468546
77,84,84,139,2020/10/27,82600,-600,-0.72,82300,83400,81800,2265817,187252358800,60132995349000,728002365,28.481607413333347,29.641872681600006
78,85,85,138,2020/10/28,82900,300,0.36,82100,83600,82000,1773556,146796077400,60351396058500,728002365,23.913677242166667,29.356779710633333
79,86,86,137,2020/10/29,81700,-1200,-1.45,81900,82400,81000,2637314,214752630200,59477793220500,728002365,19.04757162035714,25.861761554871425
80,87,87,136,2020/10/30,79900,-1800,-2.2,81600,82100,79900,2710477,219064698950,58167388963500,728002365,34.998576600449994,46.48598789430002
81,88,88,135,2020/11/02,79600,-300,-0.38,80200,80600,79200,2000394,159651019600,57948988254000,728002365,41.72747793995001,37.48041758549999
82,89,89,134,2020/11/03,81400,1800,2.26,79600,81400,79600,2057723,166103818500,59259392511000,728002365,41.23916546879999,40.79934136799997
83,90,90,133,2020/11/04,83200,1800,2.21,82100,84400,81200,3782296,313471937300,60569796768000,728002365,31.600266943599998,26.653842613776913
84,91,91,132,2020/11/05,86100,2900,3.49,84100,86200,83300,4082325,348613876600,62681003626500,728002365,38.088190042700006,34.13112416064999
85,92,92,131,2020/11/06,86300,200,0.23,86500,87700,86000,2863808,247944677300,62826604099500,728002365,54.9527273556,55.693068439349986
86,93,93,130,2020/11/09,86000,-300,-0.35,86500,87300,85600,2444330,211176309559,62608203390000,728002365,23.380610119399996,22.739429837350002
87,94,94,129,2020/11/10,86500,500,0.58,86900,87200,85900,2849783,246334269000,62972204572500,728002365,27.052512610849995,29.81526833315
88,95,95,128,2020/11/11,87000,500,0.58,86100,87200,85900,2638617,229019677500,63336205755000,728002365,29.375872622560006,34.72237358064
89,96,96,127,2020/11/12,88100,1100,1.26,87600,88400,87000,4006433,351888492600,64137008356500,728002365,24.764351516857143,21.659386243271427
90,97,97,126,2020/11/13,89700,1600,1.82,88100,90000,87500,3774278,337060042300,65301812140500,728002365,35.64840633635001,26.14663445534999
91,98,98,125,2020/11/16,98000,8300,9.25,92100,98100,91100,9274278,885204121740,71344231770000,728002365,31.485371852800004,29.404877812212497
92,99,99,124,2020/11/17,98100,100,0.1,97400,99600,96500,5218295,513426181370,71417032006500,728002365,41.883528555800005,42.580503278833326
93,100,100,123,2020/11/18,98000,-100,-0.1,99800,100500,96600,3734037,366662518288,71344231770000,728002365,24.555599307299996,24.42099649221667
94,101,101,122,2020/11/19,98200,200,0.2,96200,98300,96000,2766688,269481229700,71489832243000,728002365,26.470759600133334,28.06843157746667
95,102,102,121,2020/11/20,96800,-1400,-1.43,99000,99000,96800,2424003,236121198500,70470628932000,728002365,34.71067446996668,44.43158625003334
96,103,103,120,2020/11/23,100000,3200,3.31,97300,101000,96600,4149013,413915943700,72800236500000,728002365,28.958552760666667,28.908192676766664
97,104,104,119,2020/11/24,98600,-1400,-1.4,101000,102000,98300,3766043,375181810246,71781033189000,728002365,34.108326124725004,39.17930090797501
98,105,105,118,2020/11/25,97200,-1400,-1.42,100500,100500,96300,4081524,400555988900,70761829878000,728002365,30.088855002730003,33.286983611420006
99,106,106,117,2020/11/26,99400,2200,2.26,96800,99500,96300,2933290,288277274800,72363435081000,728002365,34.58177140866666,33.69754901783333
100,107,107,116,2020/11/27,98800,-600,-0.6,99600,99900,98200,1976047,195380321200,71926633662000,728002365,24.38269007455,24.37915037359999
101,108,108,115,2020/11/30,97500,-1300,-1.32,99700,99800,97300,3877841,379627794667,70980230587500,728002365,31.711216357066665,29.326777448283334
102,109,109,114,2020/12/01,100500,3000,3.08,98600,101500,97800,4455519,446056404700,73164237682500,728002365,19.416703836799996,18.161436091459997
103,110,110,113,2020/12/02,109000,8500,8.46,103000,109500,103000,7488361,803615355500,79352257785000,728002365,43.59180110268572,33.800275939957146
104,111,111,112,2020/12/03,111500,2500,2.29,110500,114500,109000,6617912,735573889408,81172263697500,728002365,63.17439867638096,25.7853618296381
105,112,112,111,2020/12/04,115000,3500,3.14,116000,119500,112500,8258814,958024798000,83720271975000,728002365,39.20643586133334,29.952600317277774
106,113,113,110,2020/12/07,118000,3000,2.61,118500,120000,116000,5191354,613379321750,85904279070000,728002365,28.701081018633335,24.161396904883333
107,114,114,109,2020/12/08,115000,-3000,-2.54,118000,118000,114000,4536460,524960729736,83720271975000,728002365,28.4417973138,27.429893392349996
108,115,115,108,2020/12/09,120500,5500,4.78,116000,121000,115000,5490760,651044989000,87724284982500,728002365,26.951698822266668,30.614857829933328
109,116,116,107,2020/12/10,116500,-4000,-3.32,117000,118500,115500,8205744,959915015500,84812275522500,728002365,30.98156038785,34.551569620866665
110,117,117,106,2020/12/11,115500,-1000,-0.86,118000,118000,115000,3944552,458289098500,84084273157500,728002365,25.912072588225,28.246764029749997
111,118,118,105,2020/12/14,117000,1500,1.3,116000,119000,115500,3066761,359109177587,85176276705000,728002365,29.58737340266,29.06441570648
112,119,119,104,2020/12/15,117500,500,0.43,118500,118500,115000,2755902,321349838500,85540277887500,728002365,20.409265486999995,22.448096292550005
113,120,120,103,2020/12/16,117500,0,0.0,119000,119500,117000,2213552,260552844500,85540277887500,728002365,24.37031653674,24.67130592614
114,122,122,101,2020/12/18,118500,-1000,-0.84,118500,119000,117500,3010798,355947794780,86268280252500,728002365,26.43782894300001,30.794496110466667
115,123,123,100,2020/12/21,116000,-2500,-2.11,118000,118000,114500,3585805,414706891903,84448274340000,728002365,32.25968855935001,36.669543181025
116,124,124,99,2020/12/22,112500,-3500,-3.02,115000,115500,112500,4270842,485295511328,81900266062500,728002365,29.700864516699994,45.762099349940016
117,125,125,98,2020/12/23,116000,3500,3.11,113000,116000,112500,3173156,363208092500,84448274340000,728002365,77.63931685622,56.41718916516
118,126,126,97,2020/12/24,118000,2000,1.72,116000,118500,115500,3486636,409772029000,85904279070000,728002365,31.277504642720004,28.738649096799996
119,127,127,96,2020/12/28,115500,-2500,-2.12,119000,119500,115000,4825132,567198040500,84084273157500,728002365,35.62968002058334,41.19221408626667
120,128,128,95,2020/12/29,116000,500,0.43,118000,118500,114000,4208916,488461750000,84448274340000,728002365,44.7306110703,40.82981471793334
121,129,129,94,2020/12/30,118500,2500,2.16,116000,118500,114500,4195192,489962294500,86268280252500,728002365,23.03043581224,21.377814031779998
122,130,130,93,2021/01/04,126000,7500,6.33,124500,128000,120500,7995016,994276505704,91728297990000,728002365,33.07875994521112,27.345414220377776
123,131,131,92,2021/01/05,130500,4500,3.57,124500,132500,124000,7180224,920710588023,95004308632500,728002365,20.714348036425,20.123031510450005
124,132,132,91,2021/01/06,131000,500,0.38,132500,137000,130000,8525749,1132130170500,95368309815000,728002365,32.768436688259996,33.314850968049996
125,133,133,90,2021/01/07,134500,3500,2.67,132500,137500,131500,5981299,810152555214,97916318092500,728002365,30.512174295027272,25.791536990918186
126,134,134,89,2021/01/08,138000,3500,2.6,136000,138000,132500,8713010,1181148895500,100464326370000,728002365,26.018482268916667,26.783144192549997
127,135,135,88,2021/01/11,133000,-5000,-3.62,138000,140000,131000,11154671,1509734062000,96824314545000,728002365,29.64328570873,35.84463987404
128,136,136,87,2021/01/12,129000,-4000,-3.01,132000,133500,125500,8700877,1121945369000,93912305085000,728002365,23.784912743449997,28.137264827275004
129,137,137,86,2021/01/13,133000,4000,3.1,129000,133500,128500,6791044,891281070500,96824314545000,728002365,29.0104690481875,28.557754667212507
130,138,138,85,2021/01/14,130500,-2500,-1.88,132500,133000,129000,5380278,702426036508,95004308632500,728002365,27.032235028000002,34.432771417699996
131,139,139,84,2021/01/15,127500,-3000,-2.3,133000,135000,127000,4838114,627291098793,92820301537500,728002365,27.388995477225002,29.021059010299993
132,140,140,83,2021/01/18,130000,2500,1.96,126000,131000,125000,5927419,758360216500,94640307450000,728002365,33.470158613550005,32.086254034599996
133,141,141,82,2021/01/19,130500,500,0.38,131000,132000,128500,4513315,589182407500,95004308632500,728002365,39.0217379542,38.32767122747501
134,142,142,81,2021/01/20,130500,0,0.0,134000,135000,130000,4913282,649021375524,95004308632500,728002365,21.1775615446,24.016262934150003
135,143,143,80,2021/01/21,131500,1000,0.77,131500,133000,130000,3067677,402667707500,95732310997500,728002365,28.530823085328574,32.95583247091429
136,144,144,79,2021/01/22,128500,-3000,-2.28,131500,132000,128500,3927767,511059802500,93548303902500,728002365,28.6972980301,33.9032678646
137,145,145,78,2021/01/25,135000,6500,5.06,130000,135000,129500,5061864,675657932860,98280319275000,728002365,25.807825385650006,29.433962688700007
138,146,146,77,2021/01/26,129000,-6000,-4.44,134000,134000,128500,6270106,816274767458,93912305085000,728002365,24.24608876646,31.51215424837999
139,147,147,76,2021/01/27,128500,-500,-0.39,129500,132000,127500,5068456,656028088120,93548303902500,728002365,22.747505165299998,30.612799708225005
140,148,148,75,2021/01/28,123000,-5500,-4.28,124000,125500,121500,6270829,774835802830,89544290895000,728002365,31.536650040633347,44.82693738546667
141,149,149,74,2021/01/29,122500,-500,-0.41,128500,128500,121500,7391307,921708206384,89180289712500,728002365,28.705474865159992,27.118066822510002
142,150,150,73,2021/02/01,125000,2500,2.04,121000,126000,118000,5620305,690136396500,91000295625000,728002365,40.38764880441666,28.044297395974997
143,151,151,72,2021/02/02,130000,5000,4.0,128500,132500,127000,4880067,633539068640,94640307450000,728002365,35.01291072643334,32.44162624719999
144,152,152,71,2021/02/03,130000,0,0.0,131000,131500,128500,3693688,480587348500,94640307450000,728002365,36.94713982675,46.2731839285375
145,153,153,70,2021/02/04,125000,-5000,-3.85,127500,128500,124000,4600618,577965896500,91000295625000,728002365,30.634116830042853,27.659135670557138
146,154,154,69,2021/02/05,127500,2500,2.0,126500,128000,124500,3497303,441554489000,92820301537500,728002365,35.84235847542,34.453165355340005
147,155,155,68,2021/02/08,125000,-2500,-1.96,127500,128000,125000,2876471,363162815286,91000295625000,728002365,29.871105694690904,33.84649874692727
148,156,156,67,2021/02/09,125500,500,0.4,127500,130000,125000,5177095,661250037500,91364296807500,728002365,20.73692839300001,22.4008608278
149,157,157,66,2021/02/10,126000,500,0.4,125500,127000,124500,4262526,535406551607,91728297990000,728002365,24.17833282956,24.90991805134
150,158,158,65,2021/02/15,132000,6000,4.76,130000,132500,130000,5384526,706594091200,96096312180000,728002365,38.00472956637501,35.768721412525
151,159,159,64,2021/02/16,132500,500,0.38,132500,134000,130500,3218689,425572619500,96460313362500,728002365,28.217152554566663,31.288075542733328
152,160,160,63,2021/02/17,130000,-2500,-1.89,131000,131000,128000,3621178,468148482000,94640307450000,728002365,15.5572147363,25.10314588994
153,161,161,62,2021/02/18,126000,-4000,-3.08,128500,130000,125500,3792425,481974907500,91728297990000,728002365,44.815654855766645,33.667143738849994
154,162,162,61,2021/02/19,133000,7000,5.56,129000,133000,128500,6986526,914800423000,96824314545000,728002365,30.608236629649994,22.96665039685
155,163,163,60,2021/02/22,136500,3500,2.63,136000,139500,135000,7961516,1092811602500,99372322822500,728002365,28.347014510799994,24.899310518962494
156,164,164,59,2021/02/23,138500,2000,1.47,133500,140000,131500,6400037,873598454500,100828327552500,728002365,24.9629071217,36.8931579178
157,165,165,58,2021/02/24,136000,-2500,-1.81,137500,143500,134000,9074809,1264050755000,99008321640000,728002365,29.43802654852857,32.83481139758572
158,166,166,57,2021/02/25,148500,12500,9.19,141000,149500,140000,9936495,1438187787500,108108351202500,728002365,31.923213113737503,34.3642019621
159,167,167,56,2021/02/26,141500,-7000,-4.71,143500,145000,138000,10843268,1535498840671,103012334647500,728002365,29.26916801014615,37.22160451505384
160,168,168,55,2021/03/02,144500,3000,2.12,149000,150500,141000,9376523,1365279622000,105196341742500,728002365,32.24842732473333,26.92562552476667
161,169,169,54,2021/03/03,147000,2500,1.73,142500,147000,139500,5827221,839569020500,107016347655000,728002365,47.89502910508752,44.528399244387515
162,170,170,53,2021/03/04,142000,-5000,-3.4,143000,145500,139500,6586562,938397280000,103376335830000,728002365,30.60574081055001,36.640240829
163,171,171,52,2021/03/05,140000,-2000,-1.41,138000,141500,136500,6091444,844271259500,101920331100000,728002365,20.095892070440005,25.228434467700005
164,172,172,51,2021/03/08,135500,-4500,-3.21,143000,143000,135500,5587787,775259164000,98644320457500,728002365,30.058204130860002,36.30320013764001
165,173,173,50,2021/03/09,136500,1000,0.74,134000,137500,130500,7822152,1043442973500,99372322822500,728002365,26.517447636149996,30.512954483366673
166,175,175,48,2021/03/11,137000,4000,3.01,134500,139000,134000,6707671,918735821750,99736324005000,728002365,30.398478883679996,27.474397372610003
167,176,176,47,2021/03/12,140000,3000,2.19,140500,142500,139500,4548695,640529865500,101920331100000,728002365,42.105611274228586,41.10284889994284
168,177,177,46,2021/03/15,136500,-3500,-2.5,141500,142000,136000,4289990,594535565128,99372322822500,728002365,35.15059799111428,37.645701640628566
169,178,178,45,2021/03/16,140500,4000,2.93,138500,140500,138000,3304561,461097954500,102284332282500,728002365,22.865682978387504,22.047499967999993
170,179,179,44,2021/03/17,140000,-500,-0.36,141000,141000,138500,2588319,361508821193,101920331100000,728002365,26.105686515457148,29.95036320564285
171,180,180,43,2021/03/18,142000,2000,1.43,142500,145000,141000,4426840,634074763962,103376335830000,728002365,28.697908907215393,38.3977136329923
172,181,181,42,2021/03/19,138000,-4000,-2.82,138000,139500,137000,4015627,555490290001,100464326370000,728002365,22.262593183150003,28.88653515632499
173,182,182,41,2021/03/22,138000,0,0.0,138500,140000,137000,2727719,377822972114,100464326370000,728002365,27.86151245768,31.13013952426001
174,183,183,40,2021/03/23,135000,-3000,-2.17,139000,139500,134000,3839090,523290811000,98280319275000,728002365,26.867475215642862,40.57907000801429
175,184,184,39,2021/03/24,133500,-1500,-1.11,133000,134500,131500,3894080,517991222000,97188315727500,728002365,22.18853373825,27.8389904003875
176,185,185,38,2021/03/25,133000,-500,-0.37,133000,134500,130500,4157799,550754976000,96824314545000,728002365,33.782441309949995,41.438052772450014
177,186,186,37,2021/03/26,135000,2000,1.5,134000,135000,132000,3835443,513429099500,98280319275000,728002365,34.82504555004285,34.85513763737142
178,187,187,36,2021/03/29,132000,-3000,-2.22,135500,135500,131500,3575226,476795085000,96096312180000,728002365,39.0967773681,37.99750643454544
179,188,188,35,2021/03/30,134500,2500,1.89,133000,135500,132000,3304184,443218978500,97916318092500,728002365,26.23906283667,40.28456337229001
180,189,189,34,2021/03/31,132500,-2000,-1.49,134500,135000,132000,3309680,441276843000,96460313362500,728002365,33.15946017542,31.77225324164001
181,190,190,33,2021/04/01,140500,8000,6.04,138000,140500,136500,5833436,807748318500,102284332282500,728002365,36.905358998854545,34.767416461127276
182,191,191,32,2021/04/02,141000,500,0.36,142000,143000,140000,3432245,485467791000,102648333465000,728002365,24.891242099183334,29.499207446550002
183,192,192,31,2021/04/05,143000,2000,1.42,142000,144500,141000,2616440,373549552500,104104338195000,728002365,25.059383782149997,27.352093579049995
184,193,193,30,2021/04/06,143000,0,0.0,147000,147000,141500,3753217,540574718000,104104338195000,728002365,26.203505382560003,27.95814798715
185,194,194,29,2021/04/07,143500,500,0.35,146000,146000,142500,2424687,348944024000,104468339377500,728002365,21.00577121832,22.511075352580004
186,195,195,28,2021/04/08,144000,500,0.35,143500,146000,142500,3774932,543862222000,104832340560000,728002365,27.202466928185714,40.813412217257145
187,196,196,27,2021/04/09,140000,-4000,-2.78,144000,145000,139500,3276077,464472291000,101920331100000,728002365,31.186886849941672,45.98693011659167
188,197,197,26,2021/04/12,137500,-2500,-1.79,140500,140500,136000,3878457,534353588500,100100325187500,728002365,33.816770350199995,41.36391407692001
189,198,198,25,2021/04/13,139500,2000,1.45,136000,140000,135500,2876178,398264674500,101556329917500,728002365,19.7071531839,26.063121682739997
190,199,199,24,2021/04/14,137000,-2500,-1.79,139000,139000,136500,2777203,381902748000,99736324005000,728002365,35.88413122628571,38.744758306271414
191,200,200,23,2021/04/15,137500,500,0.36,136000,139000,136000,2291160,315231075500,100100325187500,728002365,28.706263448741176,33.25440821551765
192,201,201,22,2021/04/16,137500,0,0.0,138500,139000,137500,1982877,273899499636,100100325187500,728002365,26.352582889162505,33.224143217225
193,202,202,21,2021/04/19,138000,500,0.36,138000,139000,137000,1906782,263337076500,100464326370000,728002365,34.91965730438001,38.391888260980004
194,203,203,20,2021/04/20,138500,500,0.36,136500,138500,136500,2167732,297980160500,100828327552500,728002365,27.575624820033337,31.098136999966666
195,204,204,19,2021/04/21,132500,-6000,-4.33,138000,138000,132000,5120577,689155249952,96460313362500,728002365,21.59166176172,27.636123323219998
196,205,205,18,2021/04/22,133000,500,0.38,134500,135500,133000,3007457,402386612000,96824314545000,728002365,25.964262135125004,26.692096867174996
197,206,206,17,2021/04/23,132500,-500,-0.38,130500,132500,128500,4854412,633954956100,96460313362500,728002365,35.0303781422,38.28373701239999
198,207,207,16,2021/04/26,131500,-1000,-0.75,132500,132500,130500,2904879,381267205572,95732310997500,728002365,21.86566052406666,19.347668414399994
199,208,208,15,2021/04/27,135000,3500,2.66,133000,136000,132500,3394650,455614278000,98280319275000,728002365,42.02208656429999,40.77060880256
200,209,209,14,2021/04/28,130000,-5000,-3.7,134500,135000,130000,5596760,734187787360,94640307450000,728002365,25.835475955854545,29.000450782145457
201,210,210,13,2021/04/29,130000,0,0.0,132000,133000,129000,3738266,487221837000,94640307450000,728002365,28.865542708988887,30.56123417473333
202,211,211,12,2021/04/30,128000,-2000,-1.54,130000,130500,126500,3955947,506549397500,93184302720000,728002365,34.92001968436364,39.42044721117273
203,212,212,11,2021/05/03,131500,3500,2.73,127500,132500,127000,4085398,534203731108,95732310997500,728002365,24.78083329487778,26.822953147200003
204,213,213,10,2021/05/04,132000,500,0.38,130500,132000,129000,2547004,333537768352,96096312180000,728002365,32.378175934316666,41.118121889533334
205,214,214,9,2021/05/06,129000,-3000,-2.27,130000,130500,128000,4211535,543180636500,93912305085000,728002365,27.220480953225,34.4376258585
206,215,215,8,2021/05/07,129500,500,0.39,128000,131000,127000,3450323,445020959500,94276306267500,728002365,29.928049996799995,35.95058070193333
207,216,216,7,2021/05/10,130000,500,0.39,131000,131000,128500,3067077,398135275000,94640307450000,728002365,33.618935211300006,36.1408747123
208,217,217,6,2021/05/11,123000,-7000,-5.38,127000,127500,122000,9882491,1225765601800,89544290895000,728002365,32.57809359142857,49.317478037299985
209,218,218,5,2021/05/12,119500,-3500,-2.85,123000,123500,119000,8272196,998375160153,86996282617500,728002365,23.342124625300002,29.827529148912504
210,219,219,4,2021/05/13,117500,-2000,-1.67,116000,118500,115500,6042025,707490660500,85540277887500,728002365,29.103850263354538,36.79049969903181
211,220,220,3,2021/05/14,118500,1000,0.85,118500,120000,118000,3227201,383650636500,86268280252500,728002365,40.86717413428461,47.25733986050769
212,221,221,2,2021/05/17,117500,-1000,-0.84,120000,120000,117000,3110127,367395250748,85540277887500,728002365,39.09005354038571,39.28567611614285
213,222,222,1,2021/05/18,121000,3500,2.98,117500,122000,117500,3470048,418341013500,88088286165000,728002365,61.912033306350025,62.221308228649974
214,223,223,0,2021/05/20,122500,1500,1.24,121000,124000,119500,4600751,562459757000,89180289712500,728002365,33.60810379831668,34.73675172939167
