date,close,diff,start,high,low,volume,MA_3,MA_7,MA_15,MA_30,EWM_3,EWM_7,EWM_15,EWM_30,PPO_3,PPO_7,PPO_15,PPO_30,RSI,CCI,macd
2020-12-17,36100,-900,37000,37000,35800,849181,36700.0,37100.0,34873.333333333336,32935.0,36622.16165736386,36470.11640410497,35287.97018937612,33897.257984508506,98.36512261580381,97.30458221024259,103.51749187535843,109.609837558828,0.3620689655172414,58.59756494563448,186.5381643142241
2020-12-18,37200,1100,36300,37200,36050,835045,36766.666666666664,37392.857142857145,35160.0,33236.666666666664,36911.08082868219,36652.58913813132,35528.124218028446,34126.232325788784,101.17860380779693,99.48424068767908,105.80204778156997,111.92458128572862,0.26086956521739135,65.19480519480501,143.44916558609998
2020-12-21,37050,-150,37300,37300,36250,434168,36783.333333333336,37235.71428571428,35516.666666666664,33486.666666666664,36980.54041434112,36751.94260296593,35719.159342048035,34327.96211221877,100.72496601721794,99.50124688279303,104.31722196152042,110.64105116464265,0.2727272727272727,59.674082716229364,86.86306327318744
2020-12-22,35500,-1550,36850,36850,35300,917280,36583.333333333336,36785.71428571428,35763.333333333336,33673.333333333336,36240.2702071704,36438.95518170808,35691.66359103087,34408.467947040466,97.0387243735763,96.50485436893204,99.26367788237486,105.42466838249851,0.35877862595419846,29.423586219807028,-61.50856394070456
2020-12-23,35050,-450,35500,35850,34700,841510,35866.666666666664,36414.28571428572,35980.0,33805.0,35645.13510358513,36091.714913071904,35611.197440208525,34452.35088383193,97.72304832713755,96.25343271871321,97.41523068371318,103.68288714687178,0.3916349809885932,7.862340080692437,-191.8568465668984
2020-12-24,35850,800,35550,36700,35350,1034876,35466.666666666664,36250.0,36223.333333333336,33993.333333333336,35747.56755179257,36031.28599252113,35641.13180760849,34547.58456148339,101.08082706766919,98.89655172413792,98.96935676819729,105.46185526573836,0.43644067796610164,24.70843456107069,-226.4217372502785
2020-12-28,35050,-800,36200,36500,34850,1250449,35316.666666666664,35971.42857142857,36270.0,34148.333333333336,35398.78377589627,35785.96390893588,35567.0583510976,34581.694823537415,99.24492685228881,97.43844320889595,96.63633857182245,102.64044121235784,0.4798387096774193,7.085346215781068,-297.68397159322603
2020-12-29,35750,700,35050,36000,34850,673912,35550.0,35921.42857142857,36350.0,34290.0,35574.391887948135,35776.97291560932,35589.97532097916,34660.74712031869,100.56258790436006,99.5227679459137,98.34938101788171,104.2578011081948,0.43478260869565216,4.109318070151856,-294.4633733727849
2020-12-30,37800,2050,35850,38300,35750,1378490,36200.0,36007.142857142855,36596.666666666664,34505.0,36687.195943974075,36282.73036563179,35866.74900480484,34872.49521035716,104.41988950276244,104.97917079944456,103.28809545495947,109.54934067526445,0.4029304029304029,48.298270043782,-159.97840433333272
2021-01-04,38050,250,38300,38300,37250,976774,37200.0,36150.0,36790.0,34730.0,37368.59797198704,36724.54821904343,36140.10527878782,35086.196114389284,102.28494623655915,105.25587828492394,103.42484370752922,109.5594586812554,0.5045871559633027,55.06088698349889,-61.93379290518715
2021-01-05,40000,1950,38050,40550,37500,1920208,38616.666666666664,36792.857142857145,36913.333333333336,35021.666666666664,38684.29898599352,37543.411782602794,36623.28795342973,35415.76819334104,103.58221838584376,108.716754028344,108.36192884233338,114.21500975586542,0.44534412955465585,83.51080543239186,114.47790279504534
2021-01-06,39650,-350,40950,41300,39400,1289464,39233.333333333336,37450.0,36980.0,35285.0,39167.14949299677,38070.0591352039,37002.10430313885,35699.037302918085,101.06202209005947,105.87449933244326,107.22011898323419,112.37069576307212,0.4145299145299145,93.94927103420429,186.79103649881063
2021-01-07,40800,1150,40500,41500,40100,1107735,40150.0,38157.142857142855,37190.0,35581.666666666664,39983.57474649838,38752.544641282664,37477.36527920985,36039.47901586755,101.6189290161893,106.92624485211533,109.70691045980104,114.66579230877325,0.3442622950819672,101.53752050490739,283.6009458099986
2021-01-08,41750,950,41500,42600,41100,1736980,40733.333333333336,39114.28571428572,37506.666666666664,35915.0,40866.78737324919,39501.90871967637,38011.96037464147,36419.75711510617,102.49590834697217,106.73849525200876,111.31354425879844,116.24669358206879,0.3193916349809886,113.27821580957841,377.5882225706341
2021-01-11,42950,1200,42100,44350,40950,1922705,41833.333333333336,40142.857142857145,37903.333333333336,36271.666666666664,41908.3936866246,40363.93174570919,38629.73683243633,36853.721489570766,102.66932270916334,106.99288256227757,113.3145721572421,118.41198364196113,0.2453531598513011,121.73868706182276,479.79637809431983
2021-01-12,42750,-200,42850,43350,40700,1445362,42483.333333333336,40850.0,38346.666666666664,36610.0,42329.1968433123,40960.44891617044,39145.15043527424,37244.797972481676,100.6276971361318,104.65116279069768,111.48296244784423,116.77137394154602,0.2788844621513944,104.03752980081504,492.7461788079786
2021-01-13,42800,50,42950,43550,42000,894283,42833.333333333336,41528.57142857143,38720.0,36940.0,42564.59842165615,41420.33674893251,39602.30209394179,37612.58657695718,99.92217898832683,103.06157550739594,110.53719008264463,115.86356253383865,0.26907630522088355,114.08984417993996,463.68867469276074
2021-01-14,42900,100,42800,43000,42100,767442,42816.666666666664,41942.857142857145,39110.0,37313.333333333336,42732.299210828074,41790.25259898434,40014.74757998187,37962.05531211953,100.19462826002336,102.28201634877382,109.6906162106878,114.97230659281756,0.16363636363636366,106.00942094494918,411.9312658199508
2021-01-15,41900,-1000,43300,43500,41600,767287,42533.333333333336,42264.28571428572,39536.666666666664,37650.0,42316.14960541404,41817.68945131234,40250.52080095315,38221.9214850646,98.51097178683385,99.13807672807165,105.97757356040806,111.28818061088977,0.20346320346320346,90.75829133517173,278.3448883743208
2021-01-18,43100,1200,41100,44200,40850,1502862,42633.333333333336,42592.857142857145,40073.333333333336,38026.666666666664,42708.07480270702,42138.26710665976,40606.85998830506,38543.353528905005,101.09460516028146,101.19067583431158,107.55281983031108,113.34151472650773,0.19665271966527198,92.46774472364955,238.6954608311387
2021-01-19,44500,1400,44200,44500,43300,1297356,43166.666666666664,42985.71428571428,40650.0,38436.666666666664,43604.03740135351,42728.700355101275,41093.686927480936,38935.316084108585,103.0888030888031,103.5227650382187,109.47109471094711,115.77486774781025,0.12350597609561753,112.31677136874161,272.1500948487069
2021-01-20,44000,-500,45100,45200,43150,1009149,43866.666666666664,43135.71428571428,41246.666666666664,38758.333333333336,43802.01870067675,43046.525276461885,41457.096531732146,39268.15704933015,100.30395136778117,102.00364298724955,106.67528689187004,113.52397333906686,0.16599190283400808,100.65053192263476,228.9699499725375
2021-01-21,43500,-500,43800,44150,43350,664694,44000.0,43242.857142857145,41763.333333333336,39056.666666666664,43651.009350338376,43159.89396005804,41712.533557908086,39545.93150810983,98.86363636363636,100.59464816650147,104.15835262191715,111.3766322437484,0.2361111111111111,80.52429120957406,139.4860611860936
2021-01-22,42550,-950,44000,44100,42450,975631,43350.0,43207.142857142855,42080.0,39338.333333333336,43100.504675169184,43007.42046730831,41817.24343900672,39742.89474004802,98.15455594002307,98.47908745247149,101.11692015209127,108.16421641316781,0.30434782608695654,56.55689066904033,-3.151597969326758
2021-01-25,42300,-250,42650,43200,41650,1160428,42783.333333333336,43121.42857142857,42363.333333333336,39576.666666666664,42700.25233758459,42830.56534810178,41877.60141336475,39910.37685757841,98.87027658745617,98.09508033791619,99.85049964592021,106.88115893203067,0.3826530612244898,33.405539434067826,-127.30014558654557
2021-01-26,41500,-800,42800,42800,41300,1056251,42116.666666666664,43064.28571428572,42463.333333333336,39688.333333333336,42100.126168792296,42497.92400771976,41830.39206301773,40014.390029153015,98.53581321725366,96.36755680875766,97.73137608917497,104.56473354890186,0.40975609756097564,15.751401009728596,-267.93021898904135
2021-01-27,41150,-350,41600,42300,40850,913589,41650.0,42785.71428571428,42563.333333333336,39771.666666666664,41625.06308439615,42160.94300323954,41745.328591868725,40088.627902835644,98.79951980792316,96.17696160267113,96.6794580624951,103.46561622595651,0.48148148148148145,-0.23769689988394752,-382.3894428228102
2021-01-28,40100,-1050,39950,41300,39650,1022991,40916.666666666664,42157.142857142855,42516.666666666664,39853.333333333336,40862.53154219808,41645.70724950517,41539.631915253514,40089.37069112887,98.0040733197556,95.12029820399866,94.31595452763622,100.61893609902977,0.5863874345549739,-30.017285234474922,-517.9957532948788
2021-01-29,38150,-1950,40200,40450,37850,1303011,39800.0,41321.42857142857,42276.666666666664,39891.666666666664,39506.26577109904,40771.78043340856,41115.872761479055,39962.79865816003,95.85427135678391,92.32497839239412,90.23890246787039,95.63400877376228,0.7330097087378641,-71.71993911719942,-715.7196100929466
2021-02-01,41750,3600,38200,42000,37550,1327909,40000.0,41071.42857142857,42196.666666666664,40050.0,40628.13288554952,41016.33532583722,41195.14769620577,40079.35221286932,104.375,101.65217391304348,98.9414645706612,104.24469413233459,0.5364963503649635,-37.775400607258966,-587.9916667418813
2021-02-02,42050,300,42450,42750,40750,1073207,40650.0,41000.0,42150.0,40248.333333333336,41339.06644277476,41274.751494996715,41302.01488541698,40207.77951093139,103.4440344403444,102.5609756097561,99.76275207591934,104.47637583336784,0.5268817204301075,-4.558640696228762,-471.1939707921915
2021-02-03,43000,950,42800,43200,41900,1216208,42266.666666666664,41100.0,42163.333333333336,40441.666666666664,42169.53322138738,41706.06362202214,41514.28153640474,40389.62985432743,101.73501577287067,104.62287104622871,101.98434658866313,106.32598392746755,0.49662162162162166,16.333027242118014,-324.9845589371073
2021-02-04,40950,-2050,43800,43800,40500,1980674,42000.0,41021.42857142857,42033.333333333336,40571.666666666664,41559.76661069369,41517.047716262015,41443.74096152297,40426.10306298446,97.5,99.82587497823438,97.42268041237114,100.93250626463461,0.5299684542586751,-14.318035997703879,-357.94676460363667
2021-02-05,40300,-650,41100,41100,39350,1209654,41416.666666666664,40900.0,41926.666666666664,40731.666666666664,40929.88330534684,41212.785786889144,41300.76379478144,40417.89999229445,97.30382293762577,98.53300733496333,96.12020989028463,98.94021850321208,0.5915032679738562,-71.33058984910821,-411.6785898776884
2021-02-08,40150,-150,40300,40900,39850,690908,40466.666666666664,40907.142857142855,41730.0,40901.666666666664,40539.94165267342,40947.089339965554,41156.90991598087,40400.482264637365,99.21746293245471,98.14911821197835,96.21375509225977,98.16225907664725,0.6548042704626335,-80.04418407400813,-442.88167651653885
2021-02-09,39800,-350,40300,40500,39700,645147,40083.333333333336,41142.857142857145,41416.666666666664,41033.333333333336,40169.97082633671,40660.317004811215,40987.28750528423,40361.46093741091,99.29313929313929,96.73611111111111,96.09657947686118,96.99431356620633,0.6510791366906474,-113.47839226352379,-470.04493768857037
2021-02-10,40700,900,39800,40700,38850,776556,40216.666666666664,40992.857142857145,41196.666666666664,41221.666666666664,40434.98541316835,40670.23775361264,40951.37496073679,40383.450054458604,101.2018234562785,99.28558982401114,98.79440084149203,98.73448429224115,0.5979020979020979,-139.4330934747972,-412.64414578349067
2021-02-15,40000,-700,40800,40800,39900,606408,40166.666666666664,40700.0,40963.333333333336,41363.333333333336,40217.49270658418,40502.67831515592,40832.44843595474,40358.55471044076,99.5850622406639,98.28009828009829,97.6483033607291,96.70400515754693,0.5907473309608541,-179.597119974111,-406.13341204267783
2021-02-16,40000,0,40050,40250,39550,545738,40233.333333333336,40271.42857142857,40793.333333333336,41436.666666666664,40108.74635329209,40377.008736336815,40728.38881775077,40335.28519192599,99.42004971002486,99.32600212841433,98.05523778395163,96.53286139489985,0.5833333333333333,-405.49717057396595,-386.38114513620224
2021-02-17,39400,-600,39850,39850,39000,792894,39800.0,40050.0,40600.0,41481.666666666664,39754.37317664604,40132.756552208695,40562.335239577726,40274.610138410964,98.99497487437185,98.37702871410737,97.04433497536947,94.98171883161235,0.5772058823529412,5782.799748901817,-396.6869947278549
2021-02-18,38400,-1000,39200,39600,38400,695396,39266.666666666664,39778.57142857143,40393.333333333336,41428.333333333336,39077.18658832302,39699.56741409811,40292.036247333795,40153.04138209704,97.79286926994907,96.53438678398277,95.06519227595312,92.69018787464294,0.5964912280701754,410.0364894857629,-449.8667744015318
2021-02-19,38450,50,38400,38750,37250,727610,38750.0,39535.71428571428,40213.333333333336,41388.333333333336,38763.59329416151,39387.17556054199,40061.776433638704,40042.635764306855,99.22580645161291,97.25383920505872,95.61505305039788,92.90057584665566,0.5622641509433962,244.0244257051475,-459.2381617755318
2021-02-22,37700,-750,38450,38600,37650,789715,38183.333333333336,39235.71428571428,40053.333333333336,41285.0,38231.79664708076,38965.381670374496,39766.54845277663,39890.813627066134,98.73417721518987,96.08592754414711,94.12450066577895,91.31645876226231,0.5186721991701244,163.9934533551554,-490.5744659759116
2021-02-23,37850,150,37700,38300,37250,694437,38000.0,38828.57142857143,40033.333333333336,41155.0,38040.89832354038,38686.53625276501,39526.97568796579,39758.590681848786,99.60526315789474,97.47976453274467,94.54621149042464,91.96938403596161,0.7267441860465116,127.7108962129689,-475.5840326782141
2021-02-24,36350,-1500,37850,38000,36300,878863,37300.0,38307.142857142855,39673.333333333336,40935.0,37195.449161770186,38102.402189548826,39129.847623188536,39537.81069628082,97.45308310991958,94.89091926160731,91.62325659553015,88.79931598876267,0.7908163265306122,136.66267665098522,-536.3928130256912
2021-02-25,37750,1400,37050,37750,36750,916648,37316.666666666664,37985.71428571428,39386.666666666664,40768.333333333336,37472.72458088509,38014.3016421588,38957.36435063475,39422.04085721135,101.1612326931666,99.37946596464838,95.84461746784022,92.59637790768979,0.7560975609756098,93.52172484392015,-455.50715032849257
2021-02-26,36350,-1400,36400,36900,35900,911006,36816.666666666664,37550.0,38943.333333333336,40553.333333333336,36911.36229044254,37598.226231609115,38631.43997148763,39223.15810581212,98.73245812584881,96.80426098535287,93.34075151930155,89.635048495808,0.7395833333333333,114.40371072380704,-467.45462494787637
2021-03-02,37000,650,37000,37200,36350,718560,37033.333333333336,37350.0,38680.0,40356.666666666664,36955.68114522127,37448.66967370414,38427.507875250645,39079.26385818493,99.9099909990999,99.06291834002677,95.65667011375389,91.68249772858678,0.671875,87.94822354752424,-405.2402406018358
2021-03-03,37500,500,36700,37550,36600,446769,36950.0,37214.28571428572,38493.333333333336,40210.0,37227.840572610636,37461.502255278276,38311.56834628731,38977.06712551081,101.48849797023006,100.76775431861805,97.41946657429857,93.26038298930615,0.6331658291457286,73.79123154069126,-308.4392365550897
2021-03-04,36450,-1050,37150,37150,35950,810717,36983.333333333336,37035.71428571428,38246.666666666664,39988.333333333336,36838.92028630532,37208.62669145614,38078.87046857164,38813.56846550999,98.55790896800359,98.4185149469624,95.30242286909535,91.15158587921476,0.6572769953051643,89.73929111622736,-293.14164416543736
2021-03-05,36000,-450,35950,36150,35400,549052,36650.0,36771.42857142857,37993.333333333336,39705.0,36419.46014315266,36906.47001858981,37819.00986750846,38631.566740457914,98.22646657571623,97.90209790209789,94.75346552026672,90.66868152625614,0.7303921568627451,95.88108633743127,-290.81436936718626
2021-03-08,36350,350,36500,37400,36200,576770,36266.666666666664,36771.42857142857,37703.333333333336,39450.0,36384.73007157633,36767.352513941565,37635.38252575769,38484.00392705442,100.22977941176472,98.85392385392386,96.41057377773848,92.14195183776933,0.6852791878172589,55.86951527682046,-245.07027147708607
2021-03-09,38000,1650,36600,38000,36300,1279560,36783.333333333336,36807.142857142855,37570.0,39266.666666666664,37192.36503578816,37075.51438545749,37680.95995074159,38452.70545252698,103.30765745355686,103.24083058412576,101.14453021027417,96.7741935483871,0.5869565217391305,24.200270917995148,-91.0588268167221
2021-03-10,37050,-950,38500,38500,36700,1051091,37133.333333333336,36907.142857142855,37373.333333333336,39083.333333333336,37121.18251789408,37069.135789093096,37602.089592434844,38362.01202860397,99.77558348294434,100.38707180181925,99.13485551195147,94.79744136460553,0.5991561181434599,20.887378419503758,-42.844353447581625
2021-03-11,38050,1000,37300,38550,37200,1371296,37700.0,37057.142857142855,37283.333333333336,38941.666666666664,37585.59125894704,37314.351841820404,37658.07861976768,38341.84137932681,100.9283819628647,102.6792598303778,102.05632543585156,97.71025037449176,0.5147679324894515,0.4750427887805261,60.98017443701917
2021-03-12,39050,1000,38700,39150,38300,1081889,38050.0,37278.57142857143,37326.666666666664,38860.0,38317.79562947352,37748.26388136609,37832.06940787493,38387.61573541344,102.6281208935611,104.7518681739797,104.61689587426326,100.48893463715902,0.47656250000000006,-34.078518952980296,194.08117069612774
2021-03-15,40350,1300,39300,41150,38900,1999652,39150.0,37835.71428571428,37453.333333333336,38833.333333333336,39333.89781473676,38398.69791102545,38146.81170625214,38514.44590722786,103.06513409961686,106.64527090806118,107.73406906372374,103.90557939914163,0.40074906367041196,-90.46273876782377,357.24846352072734
2021-03-16,40850,500,40900,41250,40400,884835,40083.333333333336,38528.57142857143,37663.333333333336,38858.333333333336,40091.94890736838,39011.52343326971,38484.711158264545,38665.37700296409,101.9126819126819,106.02521319985169,108.46092574564119,105.1254557152048,0.39051094890510946,-135.07688441725378,478.8714791876736
2021-03-17,40750,-100,41000,41050,39850,795811,40650.0,39157.142857142855,37856.666666666664,38945.0,40420.97445368419,39446.14257495261,38767.87293462557,38800.077686548,100.2460024600246,104.0678584458227,107.64286343224443,104.63474130183592,0.3211382113821138,-140.9243498016344,528.7192743569076
2021-03-18,40650,-100,41100,41750,40600,803809,40750.0,39535.71428571428,38143.333333333336,38908.333333333336,40535.487226842095,39747.10693121463,39003.13930571786,38919.60089763459,99.75460122699387,102.81842818428184,106.57170322467884,104.47633326194045,0.36818181818181817,-201.02147351787545,529.7615179176421
2021-03-19,40500,-150,40150,41000,39700,823966,40633.333333333336,40028.57142857143,38326.666666666664,38856.666666666664,40517.743613421044,39935.33019841105,39190.24723204195,39021.700684003015,99.67186218211648,101.1777301927195,105.67055140024353,104.22921849532469,0.28717948717948716,-201.67079776002882,495.7618072911988
2021-03-22,40800,300,40800,41000,40400,799870,40650.0,40421.42857142857,38623.333333333336,38783.333333333336,40658.87180671052,40151.49764880836,39391.466647539884,39136.57550494513,100.36900369003689,100.93656122989927,105.63562613273496,105.19982810485604,0.2978723404255319,-331.8631938087705,469.15650141877734
2021-03-23,42200,1400,41050,43500,41050,3365817,41166.666666666664,40871.42857142857,38970.0,38825.0,41429.43590335526,40663.6232366064,39742.533804354454,39334.45078975476,102.51012145748987,103.25061167423976,108.28842699512447,108.69285254346426,0.27184466019417475,-1362.9563135846693,517.6838259057391
2021-03-24,42250,50,42250,42350,41000,1196899,41750.0,41142.857142857145,39286.666666666664,38890.0,41839.71795167763,41060.217427454874,40055.967459847045,39522.75994495397,101.19760479041918,102.69097222222221,107.54284744612252,108.63975314991,0.1881720430107527,2225.689929201006,523.4586505537666
2021-03-25,42250,0,41900,42550,41550,1040241,42233.333333333336,41342.857142857145,39673.333333333336,38960.0,42044.85897583881,41357.663070591196,40330.221819097445,39698.89397166319,100.0394632991318,102.19419488597097,106.49470677197108,108.44455852156058,0.14689265536723162,520.6594748626106,497.7516223203587
2021-03-26,43450,1200,42650,43650,42650,1424298,42650.0,41728.57142857143,40170.0,39081.666666666664,42747.429487919406,41880.74730294345,40720.19445468103,39941.1363310719,101.87573270808909,104.12529955494693,108.16529748568584,111.17744893172417,0.13402061855670103,370.39584288552714,529.083043991031
2021-03-29,44250,800,44000,44950,43600,1837509,43316.666666666664,42242.857142857145,40696.666666666664,39200.0,43498.7147439597,42473.06047720763,41161.42050718685,40219.38060405968,102.15467487495191,104.75143726750085,108.73126382177082,112.88265306122449,0.14689265536723162,278.78697266452366,567.7985832794081
2021-03-30,42900,-1350,44850,45000,42550,1949741,43533.333333333336,42585.71428571428,41023.333333333336,39296.666666666664,43199.35737197985,42579.795357905736,41378.74309865535,40392.47106329344,98.54517611026033,100.73800738007381,104.57463232306816,109.16956484858767,0.18378378378378377,167.13792020106843,470.64824865835067
2021-03-31,43000,100,42900,43700,42200,1020695,43383.333333333336,42900.0,41420.0,39396.666666666664,43099.67868598993,42684.8465184293,41581.400337687555,40560.832743722516,99.11640414905877,100.23310023310023,103.81458232737808,109.14628987223962,0.20359281437125748,110.67113924689117,384.87139302411333
2021-04-01,41700,-1300,43400,43400,41500,1600795,42533.333333333336,42828.57142857143,41663.333333333336,39473.333333333336,42399.839342994965,42438.634888821965,41596.22530356503,40634.382170044155,98.04075235109717,97.36490993995997,100.08800704056324,105.64093903056914,0.3468208092485549,60.56537629596471,220.5183946319289
2021-04-02,41850,150,41950,42150,40850,1422215,42183.333333333336,42771.42857142857,41850.0,39588.333333333336,42124.91967149748,42291.47616661648,41627.94715576325,40712.86379380058,99.20979849861715,97.84569138276554,100.0,105.71296257314864,0.3999999999999999,26.707379134859824,107.54338247386909
2021-04-05,42300,450,41800,42800,41550,1303449,41950.0,42778.57142857143,41980.0,39716.666666666664,42212.45983574874,42293.607124962364,41711.95379638414,40815.3264446367,100.83432657926103,98.88128235097679,100.76226774654597,106.50440621065884,0.4026845637583893,34.71232477560503,51.59002498263237
2021-04-06,42300,0,42750,43100,42100,1159491,42150.0,42614.28571428572,42076.666666666664,39870.0,42256.22991787437,42295.20534372177,41785.459598702895,40911.17025964913,100.35587188612101,99.26248742876298,100.53077715281628,106.09480812641084,0.3945578231292517,34.110896806045986,5.479945603334386
2021-04-07,42650,350,42650,42700,41850,782594,42416.666666666664,42385.71428571428,42203.333333333336,40030.0,42453.114958937185,42383.90400779132,41893.527183426915,41023.41683226297,100.55009823182712,100.62352544657904,101.05836821736038,106.5450911816138,0.3684210526315789,23.200056413511046,-9.723415418314971
2021-04-08,45400,2750,43100,45900,42400,4408925,43450.0,42742.857142857145,42520.0,40331.666666666664,43926.557479468596,43137.928005843496,42331.83640815506,41305.9277450777,104.48791714614501,106.21657754010694,106.77328316086547,112.56663498491675,0.2598039215686274,70.9494410145168,148.40298039796699
2021-04-09,45450,50,45650,46350,44700,1911508,44500.0,43092.857142857145,42850.0,40588.333333333336,44688.2787397343,43715.94600438263,42721.60695257494,41573.42073611367,102.13483146067415,105.4699154649428,106.0676779463244,111.97799039132754,0.2663316582914573,83.11804293050112,234.2604357340557
2021-04-12,44750,-700,45600,45650,44150,1092795,45200.0,43528.57142857143,43113.333333333336,40868.333333333336,44719.139369867145,43974.45950328698,42975.15613782665,41778.45705446095,99.00442477876106,102.80603872661635,103.79619607236741,109.49798132213205,0.3621621621621621,60.365032399011575,221.9296195631846
2021-04-13,43700,-1050,45000,45000,43400,1577508,44633.333333333336,43792.857142857145,43213.333333333336,41091.666666666664,44209.56968493357,43905.84462746523,43065.761637584226,41902.48173215509,97.90888722927558,99.78796281193932,101.12619561863623,106.34759683634152,0.4292682926829268,36.56498804102115,125.86312984849314
2021-04-14,44000,300,43700,44250,43300,801091,44150.0,44035.71428571428,43330.0,41308.333333333336,44104.78484246679,43929.38347059893,43182.541452042424,42037.860800790026,99.66024915062289,99.91889699918897,101.54627279021464,106.51603792616501,0.41706161137440756,28.297370214539722,68.20537569145017
2021-04-15,44150,150,44050,44650,43750,658721,43950.0,44300.0,43456.666666666664,41565.0,44127.392421233395,43984.537602949196,43303.47378789484,42174.1799462616,100.45506257110353,99.66139954853274,101.59545907800876,106.219174786479,0.4631578947368421,34.21857846915665,27.91705381625843
2021-04-16,44850,700,44650,45400,44300,1021858,44333.333333333336,44614.28571428572,43550.0,41860.0,44488.6962106167,44200.9032022119,43496.789588686705,42346.875242959104,101.1654135338346,100.52833813640729,102.98507462686568,107.14285714285714,0.4680851063829787,47.28770235728487,35.66027418020258
2021-04-19,45500,650,45250,45650,44900,774708,44833.333333333336,44628.57142857143,43633.333333333336,42165.0,44994.34810530835,44525.677401658926,43747.19091761799,42550.37070966096,101.48698884758365,101.95262483994878,104.27807486631015,107.90940353373651,0.3505747126436782,55.5934801614392,69.83124595078766
2021-04-20,46000,500,45500,46300,45450,936558,45450.0,44707.142857142855,43840.0,42431.666666666664,45497.174052654176,44894.25805124419,44028.79207999326,42772.9970958177,101.21012101210121,102.89183575651062,104.92700729927007,108.40959974861543,0.3351648351648352,68.80427521710088,109.04457559228354
2021-04-21,46000,0,45750,46550,45400,1146355,45833.333333333336,44885.71428571428,44040.0,42730.0,45748.58702632709,45170.693538433145,44275.193090725326,42981.25178861454,100.36363636363636,102.48249522597072,104.4504995458674,107.65270301895625,0.22435897435897437,66.1918779476467,117.2080360437235
2021-04-22,46100,100,46400,46450,45900,570776,46033.333333333336,45228.57142857143,44333.333333333336,42998.333333333336,45924.293513163546,45403.02015382486,44503.29397117724,43182.51646096167,100.1448225923244,101.92672141503473,103.98496240601503,107.21345788596457,0.22580645161290322,66.73153012907814,111.59629179429658
2021-04-23,46250,150,45900,46400,45450,675512,46116.666666666664,45550.0,44626.666666666664,43238.333333333336,46087.14675658177,45614.765115368646,44721.63223884472,43380.46933125574,100.28912179255511,101.53677277716795,103.63758589781895,106.96527001503296,0.23489932885906042,61.8751024422226,100.58106537932144
2021-04-26,47450,1200,46500,47450,46200,882220,46600.0,46021.42857142857,44970.0,43475.0,46768.57337829089,46073.573836526484,45062.67822821206,43643.08262654439,101.82403433476395,103.1041440322831,105.51478763620193,109.14318573893043,0.20231213872832368,94.56854356129844,153.53171015330986
2021-04-27,48300,850,47600,48400,46750,949898,47333.333333333336,46514.28571428572,45370.0,43723.333333333336,47534.28668914545,46630.18037739486,45467.34346964326,43943.59627435403,102.04225352112675,103.83906633906632,106.45801190213797,110.46733246931461,0.19125683060109291,114.74464342359475,221.11464175398896
2021-04-28,47050,-1250,48500,48850,46550,1165353,47600.0,46735.71428571428,45663.333333333336,43933.333333333336,47292.14334457272,46735.13528304615,45665.17554447513,44144.05145457486,98.84453781512606,100.67247440012228,103.03671800861376,107.09408194233687,0.39215686274509803,95.35958027947753,159.81223990577905
2021-04-29,46800,-250,46150,47800,45750,1510795,47383.333333333336,46850.0,45756.666666666664,44138.333333333336,47046.07167228636,46751.351462284605,45807.0286067721,44315.43659536684,98.76890608512134,99.89327641408752,102.28017775187588,106.03028357814446,0.4140127388535032,62.99551878662553,84.3906379118564
2021-04-30,44150,-2650,46850,46900,44150,1429768,46000.0,46585.71428571428,45670.0,44260.0,45598.03583614318,46101.01359671345,45599.900024082075,44304.76130750546,95.97826086956522,94.77154247163448,96.67177578278958,99.75146859466787,0.5306122448979592,-2.1752869762040374,-149.2747116304347
2021-05-03,43500,-650,43600,44700,43100,1067147,44816.666666666664,46214.28571428572,45586.666666666664,44350.0,44549.01791807159,45450.760197535084,45337.41251348332,44252.83230798325,97.06210487169952,94.12673879443585,95.4226381983036,98.08342728297632,0.5106382978723405,-54.486800280794895,-341.9053226127396
2021-05-04,43250,-250,43400,43650,42300,848264,43633.333333333336,45785.71428571428,45556.666666666664,44385.0,43899.5089590358,44900.57014815131,45076.485942697465,44188.12305685168,99.1214667685256,94.46177847113886,94.9367088607595,97.44282978483722,0.5401069518716577,-90.65718617660926,-472.4129059616323
2021-05-06,44950,1700,43250,45200,42850,941209,43900.0,45428.57142857143,45620.0,44475.0,44424.7544795179,44912.92761111348,45060.675199510326,44237.28379404328,102.39179954441913,98.94654088050314,98.53134590092066,101.06801573917932,0.463302752293578,-44.24729692265039,-431.62490646172137
2021-05-07,45650,700,45300,46150,45100,665741,44616.666666666664,45050.0,45720.0,44588.333333333336,45037.37723975895,45097.19570833511,45134.340800998245,44328.43958694836,102.31602540156892,101.33185349611541,99.84689413823273,102.38104137853699,0.463302752293578,12.01527024311857,-348.4418663366463
2021-05-10,46100,450,46300,46300,45550,579507,45566.666666666664,44914.28571428572,45803.333333333336,44676.666666666664,45568.688619879475,45347.89678125133,45255.04820291903,44442.748836700135,101.17044623262619,102.63994910941474,100.64769667418673,103.18585391330299,0.47196261682242996,30.706585227462725,-258.20668759562545
2021-05-11,46250,150,45750,46450,45300,572929,46000.0,44835.71428571428,45853.333333333336,44743.333333333336,45909.34430993974,45573.4225859385,45379.41717939831,44559.36002898776,100.54347826086956,103.1543731081727,100.8650770572841,103.36735454071369,0.4879227053140097,30.792141038574478,-186.8378297869042
2021-05-12,43850,-2400,45800,46000,43450,1404383,45400.0,44792.857142857145,45710.0,44775.0,44879.67215496987,45142.56693945387,45188.24002949307,44513.58959932418,96.58590308370044,97.89507255621113,95.93086851892365,97.93411501954216,0.5843137254901961,-67.85124299931496,-293.3401673993675
2021-05-13,43450,-400,42750,44300,42450,906254,44516.666666666664,44785.71428571428,45540.0,44790.0,44164.836077484935,44719.4252045904,44970.9600233397,44444.963528587105,97.60389367278174,97.01754385964912,95.41062801932367,97.00826077249386,0.6015325670498084,-156.55775280188425,-377.44516092374977
2021-05-14,43450,0,43850,44000,43200,455864,43583.333333333336,44814.28571428572,45363.333333333336,44848.333333333336,43807.41803874247,44402.0689034428,44780.840018533636,44380.76586878045,99.69407265774379,96.95569014982468,95.78220295392754,96.8820840610948,0.6085271317829457,-173.3855486447058,-416.7162913566109
2021-05-17,42800,-650,43450,43750,42400,703595,43233.333333333336,44507.142857142855,45133.333333333336,44880.0,43303.709019371236,44001.551677582094,44533.235014064754,44278.771366240886,98.9976869699306,96.16433959236078,94.8301329394387,95.36541889483065,0.6882591093117408,-300.47846889951995,-466.3586008691343
2021-05-18,44200,1400,43150,44350,42900,679771,43483.333333333336,44300.0,44916.666666666664,44943.333333333336,43751.85450968562,44051.163758186565,44491.58063698986,44273.68889473672,101.64814105021081,99.77426636568849,98.40445269016698,98.34606541570867,0.6589147286821706,-272.4808485562768,-388.01249576729913
2021-05-20,44400,200,43500,44500,43500,416595,43800.0,44057.142857142855,44656.666666666664,45013.333333333336,44075.92725484281,44138.372818639924,44480.133057289946,44281.838670140016,101.36986301369863,100.77821011673151,99.42524445771443,98.63744075829383,0.6118143459915613,-373.04614464138604,-309.2481185658843
2021-05-21,43700,-700,44400,44850,43200,557360,44100.0,43692.857142857145,44433.333333333336,45048.333333333336,43887.963627421406,44028.77961397994,44382.61642456087,44244.29779634807,99.09297052154194,100.01634788294915,98.3495873968492,97.00691849494987,0.6260162601626016,-4008.695652173913,-291.08062290686007
2021-05-24,43600,-100,43450,44200,43050,425391,43900.0,43657.142857142855,44220.0,44988.333333333336,43743.98181371071,43921.58471048495,44284.78937099232,44202.727197574735,99.31662870159454,99.86910994764399,98.59791949344188,96.9140147445634,0.5282051282051282,572.8688450805672,-272.89305631032653
2021-05-25,43150,-450,44050,44100,42500,845142,43483.333333333336,43614.28571428572,44153.333333333336,44911.666666666664,43446.99090685535,43728.688532863714,44142.9406989859,44134.80472989579,99.23342276734381,98.93547330494594,97.72761588404046,96.07748543437118,0.518324607329843,317.33060946544043,-277.36022416141185
2021-05-26,43350,200,43200,43500,42850,544752,43366.666666666664,43600.0,44143.333333333336,44865.0,43398.49545342768,43634.016399647786,44043.82311122601,44084.16896983286,99.96156802459647,99.42660550458714,98.20282413350448,96.6232029421598,0.4947368421052632,172.67537342613602,-253.6796983507676
2021-05-27,44350,1000,43550,44800,43200,1581588,43616.666666666664,43821.42857142857,44216.666666666664,44886.666666666664,43874.24772671384,43813.012299735834,44082.09522245339,44101.32037185392,101.68131448223157,101.20619396903014,100.30154542027894,98.80439625724047,0.5340909090909092,29.093737845196223,-161.96641355151715
2021-05-28,44400,50,44550,44550,43700,670615,44033.333333333336,43850.0,44180.0,44900.0,44137.123863356916,43959.75922480187,44121.8333197654,44120.5910900007,100.8327024981075,101.25427594070695,100.49796287913082,98.88641425389754,0.5766871165644172,3.7712539419358846,-92.67616641840814
2021-05-31,44750,350,44100,45100,43250,930694,44500.0,43900.0,44120.0,44920.0,44443.56193167846,44157.3194186014,44200.35415499992,44161.2002153759,100.56179775280899,101.93621867881548,101.42792384406165,99.62154942119324,0.5838509316770186,-15.870185449357534,-21.716225719771586
2021-06-01,44850,100,44900,45100,44350,615245,44666.666666666664,44064.28571428572,44036.666666666664,44920.0,44646.78096583923,44330.48956395105,44281.559885810624,44205.641059936395,100.41044776119404,101.78310909385637,101.84694572704565,99.84416740872662,0.5875,-47.23753068123871,30.66565903259825
2021-06-02,45400,550,44850,46050,44500,1089530,45000.0,44321.42857142857,43980.0,44916.666666666664,45023.39048291961,44597.867172963284,44421.364900364024,44282.699960951126,100.8888888888889,102.43352135374697,103.2287403365166,101.0760667903525,0.37398373983739835,-95.82389122693421,97.30503480030734
2021-06-03,44800,-600,45600,45650,44050,821360,45016.666666666664,44557.142857142855,44043.333333333336,44876.666666666664,44911.695241459805,44648.40037972246,44468.69428790138,44316.07556926724,99.51869677897076,100.54504648925939,101.71800499508059,99.82916140533314,0.3937007874015748,-56.34417042803276,95.77592437498255
2021-06-04,44800,0,44500,45700,44250,578364,45000.0,44764.28571428572,44133.333333333336,44836.666666666664,44855.8476207299,44686.30028479184,44510.107501977145,44347.297736176355,99.55555555555556,100.07978299026648,101.51057401812689,99.91822169355439,0.3937007874015748,-70.8573137005755,89.67227703726974
2021-06-07,44950,150,45000,45050,44350,735431,44850.0,44850.0,44233.333333333336,44798.333333333336,44902.923810364955,44752.225213593876,44565.0940643037,44386.183193128396,100.22296544035673,100.22296544035673,101.62019593067069,100.33855426169127,0.3162393162393162,-61.38472519628801,90.3895621673239
2021-06-08,44450,-500,44950,45550,44250,1063261,44733.333333333336,44857.142857142855,44343.333333333336,44738.333333333336,44676.46190518248,44676.6689101954,44550.70730624886,44390.30054910441,99.3666169895678,99.0923566878981,100.24054724498232,99.35551167902246,0.4747474747474748,-64.58492003046449,53.657255821723254
2021-06-09,42800,-1650,44500,44550,42600,1508686,44066.666666666664,44578.57142857143,44250.0,44583.333333333336,43738.23095259124,44207.50168264655,44331.86889274317,44287.69718870079,97.12556732223904,96.01025476686429,96.72316384180792,96.0,0.6250000000000001,83.75300576198862,-78.1343332163988
2021-06-10,42650,-150,42900,43150,41900,1086132,43300.0,44264.28571428572,44133.333333333336,44395.0,43194.11547629562,43818.12626198491,44121.6352809615,44182.03610239974,98.49884526558893,96.35307406809746,96.63897280966766,96.0693771821151,0.5897435897435898,150.6626161229252,-166.6945099892815
2021-06-11,43100,450,42800,43200,42550,407179,42850.0,43935.71428571428,44093.333333333336,44263.333333333336,43147.05773814781,43638.594696488675,43993.930870740965,44112.22534179616,100.58343057176195,98.09787026499757,97.74720290293317,97.37179004443105,0.5403225806451613,117.49460043196522,-184.84528101449655
2021-06-14,42850,-250,43100,43100,42600,262843,42866.666666666664,43657.142857142855,44043.333333333336,44131.666666666664,42998.5288690739,43441.4460223665,43850.93951180004,44030.78928828456,99.96111975116642,98.15117801047121,97.29054718837507,97.09581177536917,0.525,134.2198855729084,-202.16414631598838
2021-06-15,42500,-350,42850,43150,42400,389501,42816.666666666664,43328.57142857143,44000.0,44076.666666666664,42749.26443453695,43206.08451677487,43682.07207272345,43932.0262379076,99.26041261191125,98.08770194526872,96.5909090909091,96.42289949330713,0.5691056910569106,170.69243156199607,-223.97467582617955
2021-06-16,42500,0,42500,42950,42400,591699,42616.666666666664,42978.57142857143,43943.333333333336,44043.333333333336,42624.632217268474,43029.563387581155,43534.313063555244,43839.63530331226,99.72624168947986,98.88648828319761,96.71546688917545,96.49587527435102,0.6796116504854368,175.2716593245228,-224.6105835915518
2021-06-17,42150,-350,42300,42500,41950,607615,42383.333333333336,42650.0,43796.666666666664,44006.666666666664,42387.31610863424,42809.67254068587,43361.27393053114,43730.62420642633,99.4494691309477,98.82766705744432,96.24020092853338,95.78094228147252,0.7064220183486238,208.80986170242358,-233.7654771973789
2021-06-18,42000,-150,42200,42300,41800,501165,42216.666666666664,42535.71428571428,43636.666666666664,43908.333333333336,42193.658054317115,42607.2544055144,43191.114689146176,43618.9687632013,99.48677457560206,98.74055415617129,96.24933160186389,95.65382425507686,0.761904761904762,208.4030044854943,-234.4837115075581
2021-06-21,41300,-700,41800,41900,40650,987458,41816.666666666664,42342.857142857145,43406.666666666664,43763.333333333336,41746.82902715856,42280.440804135804,42954.725352919544,43469.35503151852,98.76444798724592,97.5371120107962,95.14667485793274,94.37123924137406,0.8034188034188033,265.1863754778074,-264.441526124569
2021-06-22,41900,600,41400,42000,41300,449967,41733.333333333336,42171.42857142857,43210.0,43623.333333333336,41823.41451357928,42185.33060310185,42822.88468376393,43368.104519481894,100.39936102236422,99.35636856368563,96.96829437630178,96.04951478566515,0.7966101694915254,200.39753813731838,-227.59029050523122
2021-06-23,41350,-550,42100,42400,41250,525234,41516.666666666664,41957.142857142855,42940.0,43460.0,41586.70725678964,41976.49795232638,42638.77409824373,43237.90206214729,99.59855479727018,98.55294518215867,96.29715882626921,95.14496088357109,0.7948717948717948,193.1989865885685,-223.66761340843186
2021-06-24,41500,150,41400,41700,41000,791586,41583.333333333336,41814.28571428572,42720.0,43381.666666666664,41543.35362839482,41857.37346424479,42496.427335929635,43125.77760373597,99.79959919839678,99.24837717799794,97.1441947565543,95.66253025471589,0.775,183.92791013455113,-195.40752775769647
2021-06-25,42600,1100,42200,42900,41900,1086079,41816.666666666664,41828.57142857143,42573.333333333336,43353.333333333336,42071.67681419741,42043.03009818359,42509.373918941106,43091.855974224265,101.87325627740135,101.84426229508196,100.0626370184779,98.26234045825004,0.6690647482014389,66.69020438586185,-92.30265884829907
2021-06-28,43800,1200,42950,44200,42650,1349719,42633.333333333336,42064.28571428572,42496.666666666664,43365.0,42935.83840709871,42482.27257363769,42670.70217910265,43137.54330771433,102.73651290070367,104.12633723892002,103.0669072084085,101.00311310965064,0.5424836601307189,-39.69295629002131,58.90068136044863
2021-06-29,43100,-700,43900,43900,42650,924507,43166.666666666664,42221.42857142857,42406.666666666664,43375.0,43017.919203549354,42636.70443022827,42724.36440672331,43135.12112797338,99.84555984555985,102.08086618169514,101.63496305612325,99.36599423631124,0.4776119402985075,-14.767810787423613,110.9373384036054
2021-06-30,42900,-200,43250,43500,42750,594872,43266.666666666664,42450.0,42413.333333333336,43331.666666666664,42958.95960177468,42702.5283226712,42746.31885588594,43119.951842168484,99.15254237288136,101.0600706713781,101.1474379126061,99.00380783876304,0.4814814814814815,-9.205818364888222,129.74630805375426
2021-07-01,42300,-600,43050,43150,42100,747700,42766.666666666664,42507.142857142855,42390.0,43261.666666666664,42629.47980088734,42601.8962420034,42690.52899889344,43067.05113356682,98.90880748246298,99.51268694337087,99.78768577494692,97.77709288438572,0.5579710144927535,25.42863960186813,100.92007019745489
2021-07-02,43600,1300,42350,43800,42350,1043036,42933.333333333336,42828.57142857143,42423.333333333336,43258.333333333336,43114.739900443674,42851.422181502545,42804.21287404381,43101.43528999494,101.5527950310559,101.80120080053369,102.77363086351849,100.78982854941243,0.4528301886792453,-41.1623097006065,164.771465073258
2021-07-05,43850,250,43900,44000,43500,680139,43250.0,43164.28571428572,42490.0,43266.666666666664,43482.36995022184,43101.0666361269,42934.93626480046,43149.73025858989,101.38728323699422,101.58861492636106,103.20075311838079,101.3482280431433,0.4140127388535032,-91.9273443407006,215.9802257634047
2021-07-06,43700,-150,44000,44600,43600,808584,43716.666666666664,43321.42857142857,42570.0,43285.0,43591.18497511092,43250.79997709518,43030.56923170817,43185.23185624401,99.96187571483036,100.87386644682606,102.6544514916608,100.95876169573756,0.425,-116.46965240394364,230.5610901434128
2021-07-07,42950,-750,43400,43450,42500,544441,43500.0,43200.0,42600.0,43271.666666666664,43270.59248755546,43175.59998282138,43020.498077743934,43170.05547787903,98.73563218390805,99.42129629629629,100.82159624413146,99.25663444132034,0.4523809523809524,-31.535037822086217,182.60390165356284
2021-07-08,42150,-800,42950,43400,41950,850648,42933.333333333336,43064.28571428572,42600.0,43198.333333333336,42710.29624377773,42919.19998711603,42911.68581801918,43104.24492141215,98.17546583850931,97.87692818046109,98.94366197183099,97.57320884293375,0.49171270718232046,14.168481728378492,94.35599384942725
2021-07-09,42050,-100,41550,42300,41250,742274,42383.333333333336,42942.857142857145,42603.333333333336,43120.0,42380.148121888866,42701.89999033702,42803.97509076093,43036.22861182578,99.21352732992528,97.9208250166334,98.70119708942961,97.51855287569573,0.4556213017751479,77.20579945432833,29.93799890121298
2021-07-12,43600,1550,42500,44000,42300,1061529,42600.0,43128.57142857143,42756.666666666664,43081.666666666664,42990.07406094443,42926.42499275276,42903.47820442055,43072.60121368561,102.34741784037557,101.09307717787348,101.97240196460591,101.20314132074742,0.4095744680851064,-88.26320784561833,89.0638295277464
2021-07-13,44300,700,44050,44400,43900,844350,43316.666666666664,43228.57142857143,42916.666666666664,43063.333333333336,43645.03703047222,43269.81874456457,43078.04342887525,43151.78874994941,102.27010388611004,102.47851949768672,103.2233009708738,102.87173929870733,0.3455497382198953,-260.83851153488916,168.077112886345
2021-07-14,44200,-100,43950,44850,43700,657996,44033.333333333336,43278.57142857143,43106.666666666664,43023.333333333336,43922.51851523611,43502.36405842342,43218.28800027096,43219.415695881195,100.3785011355034,102.12906420201352,102.53634395298485,102.73495002711705,0.35789473684210527,-393.78923026098283,203.97629510716337
2021-07-15,44000,-200,44200,44550,43500,490478,44166.666666666664,43321.42857142857,43273.333333333336,42996.666666666664,43961.259257618054,43626.773043817564,43316.0020002402,43269.776261744824,99.62264150943396,101.56636438582028,101.67924818980126,102.333514225909,0.4186046511627907,-671.2246611490909,204.12383497439657
2021-07-16,43900,-100,43700,44250,43550,403574,44033.333333333336,43457.142857142855,43360.0,42966.666666666664,43930.62962880902,43695.07978286317,43389.001750212214,43310.43607541833,99.69719909159727,101.01906640368179,101.24538745387454,102.17222653219551,0.49333333333333323,4620.342396777866,187.77172516715535
2021-07-19,43450,-450,43550,43750,43100,475178,43783.333333333336,43642.857142857145,43336.666666666664,42916.666666666664,43690.31481440451,43633.809837147375,43396.626531435875,43319.44024467562,99.23867529501331,99.55810147299509,100.26151834474273,101.24271844660196,0.4758620689655172,173.88003037206138,139.17102275069823
2021-07-20,43650,200,43000,44100,42900,606701,43666.666666666664,43871.42857142857,43373.333333333336,42890.0,43670.157407202256,43637.85737786053,43428.29821500707,43340.766780410995,99.9618320610687,99.49527841094105,100.63787273286198,101.7719748193052,0.44827586206896547,107.008042015428,114.0695104415637
2021-07-21,44250,600,44000,45050,43550,919630,43783.333333333336,43964.28571428572,43463.333333333336,42938.333333333336,43960.07870360113,43790.8930333954,43531.010938133106,43399.42724520255,101.06585458698135,100.64987814784728,101.80995475113122,103.0547684664053,0.3655172413793103,172.22636683363694,130.27976102835316
2021-07-22,44300,50,44450,44650,44050,580942,44066.666666666664,43964.28571428572,43596.666666666664,42993.333333333336,44130.039351800566,43918.16977504655,43627.13457086804,43457.528951453816,100.52950075642966,100.76360682372054,101.6132731860234,103.03923088850983,0.44166666666666665,114.93891248492521,136.13702837814992
2021-07-23,44200,-100,44350,44600,43800,462752,44250.0,43964.28571428572,43636.666666666664,43030.0,44165.01967590029,43988.62733128491,43698.74274951056,43505.43049313689,99.88700564971752,100.536149471974,101.29096325719962,102.7190332326284,0.4700854700854701,77.0584421598588,125.31527053972175
2021-07-26,43600,-600,44450,44750,43600,557922,44033.333333333336,43907.142857142855,43620.0,43055.0,43882.50983795014,43891.47049846368,43686.399905821585,43511.53177353421,99.01589704769114,99.30047177484953,99.95414947271894,101.26582278481013,0.5079365079365079,50.40504050405048,72.41228176953683
2021-07-27,44000,400,43650,44500,43650,489402,43933.333333333336,43921.42857142857,43640.0,43105.0,43941.25491897507,43918.602873847754,43725.599917594314,43543.04595843226,100.15174506828528,100.17889087656529,100.82493125572869,102.07632525229091,0.4117647058823529,51.797396641262615,59.559446690590846
2021-07-28,44800,800,44000,45400,43850,1221279,44133.333333333336,44114.28571428572,43763.333333333336,43181.666666666664,44370.627459487536,44138.952155385814,43859.89992789631,43624.140022182335,101.51057401812689,101.5544041450777,102.36880188894813,103.74773244818402,0.2773109243697479,103.57449122586907,97.87434654474595
2021-07-29,45050,250,45200,45450,44450,866401,44616.666666666664,44314.28571428572,43956.666666666664,43278.333333333336,44710.313729743764,44366.714116539355,44008.66243691051,43716.131258690155,100.97123645872246,101.66021921341068,102.4872980966103,104.09365733430893,0.2540983606557377,108.85885885885908,130.9288852907469
2021-07-30,44050,-1000,44950,45050,43900,866785,44633.333333333336,44285.71428571428,44090.0,43346.666666666664,44380.15686487188,44287.53558740451,44013.829632296736,43737.67123666988,98.69305451829723,99.46774193548387,99.90927647992743,101.62257766840972,0.45945945945945943,45.42553590869821,78.88309364803007
2021-08-02,43900,-150,44250,44450,43350,491155,44333.333333333336,44228.57142857143,44110.0,43433.333333333336,44140.07843243594,44190.65169055338,43999.60092825955,43748.14408703031,99.02255639097743,99.25710594315245,99.5239174790297,101.07444359171143,0.54,6.29197168612741,30.291594491730308
2021-08-03,43850,-50,43700,44300,43250,460948,43933.333333333336,44178.57142857143,44080.0,43498.333333333336,43995.03921621797,44105.488767915034,43980.900812226995,43754.71545205567,99.81031866464339,99.25626515763946,99.47822141560798,100.80846009425647,0.5353535353535354,-2.8591212669486312,-7.274850795798642
2021-08-04,44050,200,43650,44150,43400,376383,43933.333333333336,44242.857142857145,44070.0,43588.333333333336,44022.51960810898,44091.61657593627,43989.538210698665,43773.766110905875,100.26555386949924,99.56409428479172,99.9546176537327,101.05915191373838,0.494949494949495,-0.5508883073964773,-19.99071851632044
2021-08-05,43700,-350,44000,44150,43650,295712,43866.666666666664,44200.0,44050.0,43661.666666666664,43861.25980405449,43993.7124319522,43953.345934361176,43769.00699696168,99.62006079027356,98.86877828054298,99.20544835414302,100.08779631255489,0.5192307692307693,-11.540839458679677,-51.51828167250741
2021-08-06,43450,-250,43800,43950,43200,343693,43733.333333333336,44007.142857142855,44020.0,43690.0,43655.62990202724,43857.784323964144,43890.42769256579,43748.425859868,99.35213414634146,98.73397175783153,98.70513402998637,99.45067521171893,0.5,-52.69665699961729,-86.68473906254593
2021-08-09,42600,-850,43050,43250,42550,523303,43250.0,43657.142857142855,43963.333333333336,43650.0,43127.81495101362,43543.33824297311,43729.12423099453,43674.33373246295,98.4971098265896,97.57853403141362,96.89893092728788,97.59450171821305,0.5929203539823009,-152.51447081939315,-160.38151896595787
2021-08-10,42050,-550,42600,42750,41850,521260,42700.0,43371.42857142857,43856.666666666664,43615.0,42588.907475506814,43170.00368222983,43519.23370211961,43569.53782724984,98.47775175644028,96.9532279314888,95.88051987535154,96.4117849363751,0.6964285714285714,-308.7284276585163,-234.85421525497202
2021-08-11,42150,100,42150,42700,41900,396758,42266.666666666664,43121.42857142857,43716.666666666664,43590.0,42369.45373775341,42915.00276167237,43348.079489354226,43477.95459402407,99.72397476340694,97.74722544310087,96.41631719405261,96.69649002064695,0.6902654867256637,-488.7485195420445,-263.89250580301257
2021-08-12,42350,200,42200,42900,42200,477966,42183.333333333336,42907.142857142855,43586.666666666664,43591.666666666664,42359.72686887671,42773.75207125427,43223.31955318467,43405.18322018059,100.39510075069143,98.70151489928418,97.1627408993576,97.15159625310649,0.6608695652173914,-907.424381301548,-255.94792617841003
2021-08-13,41750,-600,42200,42850,41150,527446,42083.333333333336,42578.57142857143,43423.333333333336,43530.0,42054.86343443835,42517.8140534407,43039.15460903623,43298.39705536726,99.20792079207921,98.05401778225131,96.14646503415982,95.91086606937745,0.6608695652173914,2698.318496538116,-275.71043344174035
2021-08-17,40400,-1350,41900,42000,39950,609886,41500.0,42107.142857142855,43210.0,43415.0,41227.43171721918,41988.36054008052,42709.26028290614,43111.40345024095,97.34939759036145,95.94571670907548,93.49687572321221,93.05539560059887,0.7686567164179104,918.0096126661012,-359.0380638444115
2021-08-18,40950,550,40050,41150,40000,354696,41033.333333333336,41750.0,43006.666666666664,43323.333333333336,41088.71585860959,41728.770405060386,42489.35274754255,42971.95789424261,99.79691307879773,98.08383233532935,95.2177956905906,94.52181272601369,0.7984496124031009,505.26985642127056,-355.76704622003615
2021-08-19,39200,-1750,40550,40550,38950,584004,40183.333333333336,41264.28571428572,42633.333333333336,43198.333333333336,40144.357929304795,41096.57780379529,42078.1836540992,42728.60549105175,97.55288262131894,94.99740349662454,91.94683346364346,90.74424167599058,0.8679245283018867,409.5526987336902,-444.35888813730804
2021-08-20,38500,-700,39300,39650,38350,496456,39550.0,40757.142857142855,42196.666666666664,43076.666666666664,39322.1789646524,40447.43335284647,41630.910697336294,42455.791938888666,97.34513274336283,94.46196985629163,91.23943439450194,89.37553199721428,0.8627450980392157,324.3352747531015,-517.8631382429397
2021-08-23,38900,400,39100,39650,38300,408149,38866.666666666664,40292.857142857145,41853.333333333336,42971.666666666664,39111.0894823262,40060.57501463485,41289.54686016892,42226.385775543946,100.08576329331046,96.54316610530047,92.94361261548264,90.52476437963,0.8164556962025316,232.59110665329302,-506.6778270503231
2021-08-24,40700,1800,39300,40900,39300,520634,39366.666666666664,40057.142857142855,41640.0,42875.0,39905.5447411631,40220.43126097613,41215.85350264775,42127.90918080997,103.38696020321763,101.60485021398003,97.74255523535062,94.92711370262391,0.6632124352331606,119.47482545809798,-352.497550571817
2021-08-25,40950,250,40950,41800,40500,458544,40183.333333333336,39942.857142857145,41446.666666666664,42763.333333333336,40427.77237058155,40402.8234457321,41182.62181481675,42051.914972912746,101.9079220240564,102.5214592274678,98.8016728325559,95.75960714007327,0.6597938144329897,61.85084994823465,-214.88714047985798
2021-08-26,40550,-400,40950,41150,40100,415158,40733.333333333336,39964.28571428572,41213.333333333336,42641.666666666664,40488.88618529077,40439.61758429907,41103.544087964605,41955.01715256849,99.54991816693943,101.46559428060769,98.39048851504367,95.09478209888607,0.6615384615384615,69.85767107329207,-135.86787316689333
2021-08-27,40900,350,40450,41400,40250,534911,40800.0,39957.142857142855,41026.666666666664,42538.333333333336,40694.443092645386,40554.713188224305,41078.10107696901,41886.95147714911,100.24509803921569,102.35967107615302,99.69125771855704,96.14857187634682,0.6294416243654822,44.13047761110019,-49.541805476760715
2021-08-30,43700,2800,41400,44200,41400,1809128,41716.666666666664,40600.0,41043.333333333336,42531.666666666664,42197.22154632269,41341.03489116823,41405.83844234805,42003.922434269865,104.75429484618459,107.63546798029557,106.4728335905141,102.74697284376349,0.4533898305084746,-61.690505144092754,193.30484835612367
2021-08-31,44750,1050,44250,44850,43550,1219827,43116.666666666664,41492.857142857145,41186.666666666664,42575.0,43473.610773161345,42193.27616837617,41823.858637054735,42181.088848814565,103.78817162736762,107.84988810466515,108.65166720621562,105.10863182618908,0.3902439024390244,-131.56864612096808,409.4036665938347
2021-09-01,44650,-100,44550,44950,44100,543349,44366.666666666664,42314.28571428572,41360.0,42608.333333333336,44061.80538658067,42807.45712628213,42177.12630742303,42340.37354012569,100.63861758076635,105.51991897366644,107.95454545454545,104.79170741247799,0.3983739837398374,-155.2686341278853,523.0857804809596
2021-09-02,44750,100,44500,44950,44000,536880,44716.666666666664,42892.857142857145,41533.333333333336,42625.0,44405.902693290336,43293.092844711595,42498.73551899526,42495.83340386528,100.07454342154305,104.32972522897586,107.74478330658106,104.98533724340176,0.4016393442622951,-173.23444912140087,578.1869976444717
2021-09-03,45250,500,45000,45600,44450,704737,44883.333333333336,43507.142857142855,41726.666666666664,42656.666666666664,44827.95134664517,43782.31963353369,42842.64357912096,42673.5216698724,100.81693278871147,104.00591035954687,108.44384086914842,106.07954989450654,0.3553719008264463,-241.42635068684442,617.8916058038008
2021-09-06,45400,150,45400,46000,44950,689670,45133.333333333336,44200.0,41970.0,42696.666666666664,45113.97567332258,44186.73972515026,43162.31313173092,42849.42358885486,100.59084194977844,102.71493212669682,108.172504169645,106.33148567413538,0.2706422018348624,-335.82546880745275,622.1200555463957
2021-09-07,45850,450,45550,46050,45300,500949,45500.0,44907.142857142855,42333.333333333336,42771.666666666664,45481.98783666129,44602.55479386269,43498.273990264635,43043.009257693804,100.76923076923077,102.09957054238905,108.30708661417323,107.19713205782644,0.2731481481481482,-537.204625439921,621.6184349826254
2021-09-08,44800,-1050,45750,45800,44600,777007,45350.0,45064.28571428572,42590.0,42798.333333333336,45140.99391833064,44651.91609539701,43660.98974148159,43156.363550583286,98.78721058434398,99.41353621810111,105.18901150504814,104.67697340239106,0.2227722772277228,-832.8290468986444,521.0351082436595
2021-09-09,44200,-600,44750,45100,44200,665619,44950.0,44985.71428571428,42923.333333333336,42778.333333333336,44670.49695916532,44538.937071547756,43728.36602379641,43223.69496300599,98.33147942157953,98.25341378215307,102.974295255106,103.32333346320178,0.21500000000000002,-3517.8508306823765,390.5256541292229
2021-09-10,45000,800,44200,45200,43750,551039,44666.666666666664,45035.71428571428,43356.666666666664,42776.666666666664,44835.24847958266,44654.20280366082,43887.320270821874,43338.295333494076,100.74626865671644,99.9206978588422,103.79026677942646,105.19753759837917,0.20673076923076925,1098.7012987012872,336.55524326905504
2021-09-13,44500,-500,44700,45000,43650,511693,44566.666666666664,45000.0,43730.0,42791.666666666664,44667.62423979133,44615.65210274561,43963.90523696915,43413.24404950565,99.85041136873598,98.88888888888889,101.76080493940087,103.99221032132424,0.2912087912087912,383.5464146748183,249.6572026465396
2021-09-14,44750,250,44800,45450,44450,558870,44750.0,44928.57142857143,44000.0,42820.0,44708.812119895665,44649.2390770592,44062.167082348016,43499.486398871326,100.0,99.60254372019078,101.70454545454545,104.50723960765997,0.2912087912087912,251.18520245589406,193.97032745430727
2021-09-15,45000,250,44350,45600,44100,591353,44750.0,44871.42857142857,44270.0,42858.333333333336,44854.40605994783,44736.9293077944,44179.39619705453,43596.29375945682,100.5586592178771,100.2865329512894,101.6489722159476,104.99708341434959,0.25139664804469275,160.27785394388027,160.32310653305683
2021-09-16,46100,1100,45800,47350,45800,1342253,45283.333333333336,44907.142857142855,44640.0,42926.666666666664,45477.20302997391,45077.6969808458,44419.47167242273,43757.82324346888,101.80345969819653,102.65627485287101,103.2706093189964,107.39245224413729,0.23195876288659795,184.03669490334352,196.13336081968328
2021-09-17,46150,50,46150,46500,45400,747169,45750.0,45100.0,44990.0,43008.333333333336,45813.601514986956,45345.772735634346,44635.78771336991,43912.15727168162,100.8743169398907,102.3281596452328,102.5783507446099,107.30478589420653,0.3237410071942446,106.80324777162346,206.14540950335459
2021-09-23,44950,-1200,45350,45450,44450,645554,45733.333333333336,45207.142857142855,45073.333333333336,43058.333333333336,45381.800757493475,45246.82955172576,44675.06424919867,43979.11488488247,98.28717201166181,99.43118976141571,99.72637183848543,104.39326495064833,0.4859154929577465,35.915854284248304,119.2208696424317
2021-09-24,44400,-550,45000,45400,43900,548438,45166.666666666664,45121.42857142857,45050.0,43118.333333333336,44890.90037874674,45035.122163794316,44640.68121804884,44006.26877003968,98.30258302583026,98.40113978154187,98.55715871254162,102.97244018398979,0.5165562913907286,10.648557742122986,17.304834042358834
2021-09-27,44150,-250,44050,44800,43650,467956,44500.0,45071.42857142857,45016.666666666664,43188.333333333336,44520.45018937337,44813.841622845735,44579.346065792735,44015.54175477816,99.21348314606742,97.95562599049128,98.07478711588301,102.22668158839193,0.538961038961039,-9.10284191967459,-69.5591161721303
2021-09-28,43250,-900,43900,44000,43050,510776,43933.333333333336,44857.142857142855,44916.666666666664,43225.0,43885.225094686684,44422.8812171343,44413.17780756864,43966.15195338298,98.44461305007587,96.4171974522293,96.28942486085343,100.05783689994216,0.6234567901234568,-42.627953210966474,-183.7581004824831
2021-09-29,42450,-800,42200,43100,41850,579097,43283.333333333336,44492.857142857145,44730.0,43228.333333333336,43167.61254734334,43929.660912850726,44167.78058162255,43868.3356783827,98.07470157874471,95.40857280462353,94.90274983232729,98.19948336353471,0.6685714285714285,-84.22261568646243,-302.303067052394
2021-09-30,42750,300,42450,43150,42100,356835,42816.666666666664,44014.28571428572,44553.333333333336,43261.666666666664,42958.80627367167,43634.745684638045,43990.558008919725,43796.184975693366,99.84429739198131,97.12755598831548,95.95241657938051,98.81727472358132,0.6802325581395349,-83.69026845046103,-346.4692492403374
2021-10-01,41550,-1200,42500,42500,41100,428832,42250.0,43357.142857142855,44266.666666666664,43300.0,42254.403136835834,43113.559263478535,43685.488257804755,43651.26979011454,98.34319526627219,95.83196046128502,93.86295180722892,95.95842956120092,0.6857142857142857,-142.60658822028765,-436.6378068407386
2021-10-05,41550,0,40850,42050,40600,488570,41950.0,42871.42857142857,44050.0,43320.0,41902.20156841792,42722.669447608896,43418.55222557915,43515.70397457597,99.04648390941597,96.917694101966,94.32463110102157,95.91412742382272,0.6625766871165645,-192.6191640850043,-473.3365960322751
2021-10-06,40200,-1350,41750,42250,40000,642424,41100.0,42271.42857142857,43783.333333333336,43353.333333333336,41051.10078420896,42092.00208570667,43016.23319738175,43301.787555717216,97.8102189781022,95.09969584319026,91.81575942139321,92.72643395355989,0.7758620689655172,-310.2516597190063,-559.6727742861125
2021-10-07,41750,1550,40700,42000,40400,480224,41166.666666666664,41928.57142857143,43566.666666666664,43461.666666666664,41400.55039210448,42006.50156428,42857.95404770903,43201.67221491784,101.41700404858301,99.5741056218058,95.83014537107881,96.06166353491584,0.6410256410256411,-401.37828873216745,-486.24799100380136
2021-10-08,40950,-800,42000,42050,40750,453828,40966.666666666664,41600.0,43330.0,43530.0,41175.275196052244,41742.376173209996,42619.459791745394,43056.40301991107,99.9593165174939,98.4375,94.50726978998385,94.07305306685045,0.6844660194174758,-1253.3416226297813,-465.4004312861823
2021-10-12,40950,0,40900,41350,40150,406190,41216.666666666664,41385.71428571428,43076.666666666664,43538.333333333336,41062.63759802612,41544.28212990749,42410.77731777722,42920.50603351253,99.35301253538213,98.94718674490854,95.06306585158245,94.0550472763465,0.7014925373134328,1006.0380863910824,-426.4852480239312
2021-10-13,41600,650,40950,41600,40500,351181,41166.666666666664,41221.42857142857,42850.0,43560.0,41331.31879901306,41558.211597430614,42309.430153055066,42835.31208567864,101.05263157894737,100.91838502859123,97.0828471411902,95.50045913682277,0.734375,331.6219062664554,-335.83209933024165
2021-10-14,41950,350,41750,42100,41350,614194,41500.0,41278.57142857143,42573.333333333336,43606.666666666664,41640.659399506534,41656.158698072955,42264.50138392318,42778.195170535524,101.08433734939759,101.62657899290535,98.5358596930786,96.20088671456965,0.7121212121212122,156.44021549009992,-235.8826537540657
2021-10-15,42500,550,42200,42750,41950,348049,42016.666666666664,41414.28571428572,42330.0,43660.0,42070.32969975327,41867.11902355472,42293.93871093278,42760.247093138794,101.15033716779055,102.62159365298378,100.40160642570282,97.34310581768209,0.6324324324324324,62.08576445929866,-122.04482753448485
2021-10-18,41650,-850,42200,42250,41250,492232,42033.333333333336,41621.42857142857,42110.0,43591.666666666664,41860.16484987663,41812.83926766604,42213.44637206618,42688.61824140765,99.08802537668517,100.06864595846918,98.90762289242461,95.54578474479068,0.6439790575916231,93.18556944116996,-94.53616415049368
2021-10-19,41650,0,41800,41900,41150,316026,41933.333333333336,41607.142857142855,41926.666666666664,43488.333333333336,41755.082424938315,41772.129450749526,42143.01557555791,42621.61060679287,99.32432432432432,100.1030042918455,99.34011766576563,95.77281263174031,0.6344086021505376,77.74058132738166,-68.11851626908782
2021-10-20,41150,-500,41700,41850,40750,356196,41483.333333333336,41635.71428571428,41726.666666666664,43371.666666666664,41452.54121246916,41616.59708806214,42018.88862861317,42526.667978865495,99.19646444355162,98.83341911133986,98.61799009426426,94.87760826960766,0.6179775280898876,74.90429408237597,-75.52312834819213
2021-10-21,41600,450,41200,41900,41100,465647,41466.666666666664,41728.57142857143,41616.666666666664,43266.666666666664,41526.27060623458,41612.4478160466,41966.527550036524,42466.88294317928,100.32154340836013,99.69188634029442,99.9599519423308,96.14791987673344,0.5497076023391813,39.44278606965183,-42.939802988886754
2021-10-22,41250,-350,41350,41450,40700,352111,41333.333333333336,41678.57142857143,41536.666666666664,43133.333333333336,41388.13530311729,41521.83586203495,41876.961606281955,42388.374360313595,99.79838709677419,98.97172236503856,99.30984672177193,95.63369397217927,0.5872093023255813,42.03239848711898,-37.95714715814938
2021-10-25,41600,350,40900,41700,40750,242418,41483.333333333336,41628.57142857143,41460.0,43006.666666666664,41494.067651558646,41541.37689652621,41842.34140549671,42337.51149479035,100.28123744475693,99.93136582017846,100.33767486734202,96.72918927298095,0.4967741935483871,23.92638036809815,-5.776378876097397
2021-10-26,42350,750,41750,42500,41600,429591,41733.333333333336,41607.142857142855,41513.333333333336,42890.0,41922.03382577932,41743.53267239466,41905.79872980962,42338.31720485674,101.4776357827476,101.7854077253219,102.01541673357957,98.74096525996737,0.45294117647058824,-13.759784213805974,67.30490127366159
